amount,country,transaction_hour,failed_attempts,is_fraud
172467,Russia,21,3,0
163833,USA,18,6,1
196939,Russia,19,2,0
274349,Russia,15,6,1
129420,Russia,7,1,0
215770,China,21,6,1
2433,China,10,2,0
119619,Other,14,1,0
78515,Russia,0,0,0
25660,USA,14,4,0
27212,USA,3,1,0
54356,China,7,5,1
254429,Other,13,3,0
192766,USA,1,1,1
4852,Other,7,0,0
146770,China,18,6,1
182723,Russia,13,6,1
27116,Russia,16,2,0
139098,China,1,0,1
62207,China,22,5,1
99129,USA,17,4,0
98833,USA,23,1,0
46337,China,6,3,0
122145,Russia,7,0,0
23931,Russia,2,4,0
167407,India,13,4,0
230504,Russia,14,3,1
146991,Russia,23,1,0
41164,Other,10,6,1
48535,China,15,1,0
39731,India,8,0,0
62745,Russia,3,0,0
116819,Other,15,2,0
116057,China,18,1,0
65517,USA,17,0,0
296569,China,13,4,1
85450,India,11,3,0
295947,China,11,6,1
28008,China,20,5,1
41040,India,21,2,0
250461,Russia,7,5,1
158037,Other,6,0,0
211362,Other,0,5,1
85569,Russia,18,2,0
121148,Russia,3,6,1
245866,Other,16,4,0
225129,USA,9,5,1
195219,USA,23,2,0
119514,India,10,3,0
94266,Russia,19,3,0
25652,Other,4,2,0
46623,Russia,18,0,0
274212,USA,3,0,1
191588,China,8,5,1
172402,Russia,10,3,0
84425,Other,21,0,0
290753,Other,21,1,0
97344,USA,19,2,0
132971,China,0,0,1
181576,Other,11,3,0
203176,India,7,2,0
32210,Russia,5,1,0
224837,Other,23,0,0
289853,India,6,3,0
163009,India,4,6,1
105628,USA,16,3,0
165086,India,13,3,0
164344,India,18,6,1
171150,Other,8,0,0
98415,China,14,0,0
267131,Russia,23,4,1
115822,Other,14,4,0
138255,USA,1,3,1
29892,India,11,1,0
145242,Russia,22,4,0
88337,India,17,5,1
271967,Other,15,3,0
184474,Other,16,6,1
35380,India,2,6,1
193876,China,12,6,1
19115,Other,9,0,0
171552,Other,22,4,0
111975,Other,17,6,1
69081,China,16,5,1
74461,India,15,5,1
78034,Other,7,3,0
17730,USA,21,0,0
134730,India,10,4,0
96657,India,18,6,1
97043,India,4,6,1
269585,India,11,5,1
247466,USA,18,0,0
141152,China,8,5,1
9245,USA,4,3,0
166883,USA,10,4,0
225717,Other,0,4,1
214533,USA,12,3,0
218985,USA,17,6,1
147814,China,19,3,0
147726,Russia,10,0,0
19207,Russia,0,1,0
172632,China,4,4,1
52151,Russia,20,4,0
211234,USA,11,0,0
246506,China,21,0,1
271304,Other,21,4,0
125060,Other,2,4,1
105842,USA,1,1,1
159444,China,21,4,0
98261,Russia,14,5,1
283935,India,15,6,1
160552,USA,16,3,0
283799,China,21,5,1
50093,China,8,6,1
195379,USA,16,6,1
23774,USA,6,6,1
139788,USA,11,1,0
258353,Russia,17,5,1
293169,Russia,18,4,1
198476,Other,5,6,1
83323,USA,1,0,0
176126,USA,18,3,0
189931,China,8,0,0
152641,Russia,16,6,1
138385,USA,4,5,1
33588,Russia,0,0,0
12623,USA,8,5,1
218363,Other,0,1,1
268602,Other,9,5,1
104168,USA,13,2,0
150357,Russia,20,5,1
167391,China,19,4,0
216229,Other,19,2,0
125215,India,23,3,0
112422,India,3,6,1
149659,Russia,13,0,0
207193,Other,16,3,0
34932,Russia,5,2,0
85218,Other,3,5,1
100676,India,6,4,0
77557,Other,20,0,0
126114,India,7,1,0
37645,USA,4,3,0
237855,China,9,0,1
5649,USA,14,5,1
136437,Russia,1,6,1
197114,India,23,6,1
106150,Russia,15,6,1
67723,China,19,6,1
105999,India,14,4,0
190240,India,16,6,1
15036,USA,22,1,0
209115,China,15,2,1
47635,Russia,18,1,0
254257,Russia,13,3,1
113906,India,9,1,0
89276,India,10,2,0
71523,Russia,12,4,0
212995,USA,3,0,1
40771,China,6,2,0
52747,Other,12,1,0
113677,Russia,23,0,0
181645,USA,9,1,0
48127,Other,13,5,1
23136,Russia,22,4,0
241477,Russia,10,6,1
137460,China,1,1,1
113748,USA,1,1,1
197238,India,4,0,1
104262,Other,19,5,1
188712,Other,5,4,0
130237,China,1,4,1
44566,India,1,3,0
281726,Russia,10,4,1
241529,Other,2,5,1
225034,USA,2,6,1
257611,USA,18,4,0
215520,Russia,1,5,1
205867,India,7,6,1
246253,Russia,20,0,1
128466,USA,16,5,1
5753,Russia,13,4,0
102984,Other,0,6,1
128943,China,2,0,1
143727,India,15,5,1
27778,USA,4,0,0
186146,China,15,6,1
62978,USA,3,0,0
221892,India,3,4,1
40492,Other,16,5,1
149328,India,2,5,1
5327,Russia,13,5,1
238417,Other,14,3,0
177228,India,2,3,1
234252,Other,21,1,0
82825,USA,2,4,0
116636,Russia,23,3,0
114106,Other,15,5,1
11807,China,21,4,0
141749,India,17,3,0
84346,China,18,3,0
139134,Russia,2,5,1
55941,India,3,6,1
110443,India,7,5,1
37222,Other,12,1,0
64260,Russia,19,0,0
154766,Other,21,4,0
156424,USA,22,0,0
43973,Other,11,3,0
251758,Russia,10,5,1
109393,Russia,6,4,0
275698,China,3,3,1
95826,Other,7,6,1
182014,India,23,1,0
109410,USA,19,3,0
287858,China,2,3,1
255408,China,7,3,1
90153,India,16,4,0
93255,India,13,0,0
242696,China,17,4,1
45816,India,13,2,0
288499,USA,18,3,0
94422,USA,15,3,0
144577,USA,11,2,0
206064,India,12,6,1
293692,Other,23,3,0
228627,China,17,1,1
255264,Other,10,6,1
102553,China,14,2,0
63037,Russia,23,2,0
106810,China,13,3,0
43927,Russia,6,0,0
49792,India,10,2,0
106546,Russia,8,2,0
621,China,9,3,0
3974,India,16,3,0
43682,Other,7,6,1
201448,Russia,3,3,1
77398,China,5,1,0
118832,USA,2,4,1
36256,USA,20,4,0
280163,Other,19,6,1
146951,Other,3,6,1
150733,Other,6,5,1
2456,Russia,1,5,1
77783,China,12,1,0
93907,China,20,0,0
44259,USA,1,5,1
204010,Other,3,3,1
151000,USA,6,3,0
48033,Russia,1,4,0
68279,USA,19,3,0
235960,China,22,4,1
182837,India,21,2,0
35846,China,14,6,1
226191,Other,7,6,1
4851,China,13,4,0
39983,Other,3,1,0
221344,Other,22,0,0
41219,India,3,3,0
117828,Other,21,2,0
243222,Other,9,1,0
46205,Russia,20,5,1
292902,USA,21,0,0
99324,India,5,6,1
241625,USA,0,4,1
100007,USA,3,2,1
23844,India,19,0,0
212297,Russia,1,0,1
27179,India,16,6,1
191523,India,5,5,1
28498,China,23,1,0
292337,Russia,18,6,1
297346,Other,6,4,0
177048,USA,12,1,0
92208,India,15,3,0
169477,China,8,6,1
54617,India,18,1,0
112524,Other,1,5,1
236252,Other,14,5,1
42981,Russia,6,2,0
195385,Other,11,6,1
225544,India,17,6,1
229043,USA,11,5,1
10090,China,9,3,0
229237,India,3,2,1
124729,Other,19,6,1
112379,Other,5,4,0
96901,China,2,5,1
32579,India,14,1,0
59352,USA,16,2,0
89910,Other,19,4,0
33578,Other,16,3,0
89207,Russia,16,1,0
157090,India,2,2,1
195634,China,18,5,1
265748,India,1,4,1
136285,Other,13,3,0
133792,China,0,4,1
76387,China,3,0,0
70536,Other,4,1,0
6636,Other,19,5,1
112895,China,9,5,1
41037,China,13,5,1
103298,Russia,18,3,0
98384,Russia,6,5,1
273479,India,16,2,0
122732,USA,16,6,1
147568,Other,11,2,0
128540,Russia,23,2,0
180390,China,14,5,1
86230,Russia,12,0,0
17548,USA,11,0,0
220785,China,23,0,1
242464,USA,10,4,0
144186,India,17,4,0
6902,Russia,5,0,0
219993,China,10,3,1
119450,USA,0,3,1
35778,China,23,4,0
19519,Other,0,3,0
150175,Other,7,2,0
190208,India,1,3,1
207748,India,12,6,1
105221,USA,12,5,1
161626,Russia,2,5,1
171328,China,6,5,1
293752,China,14,4,1
3150,USA,9,2,0
163732,China,21,2,0
217514,China,0,5,1
210281,China,13,3,1
218217,India,8,1,0
56523,Russia,18,4,0
209597,China,13,1,1
132194,USA,9,6,1
286078,Other,4,6,1
245933,India,1,5,1
137810,Russia,4,0,1
113464,USA,21,1,0
177318,India,19,2,0
273608,China,9,4,1
58459,USA,13,2,0
168875,USA,8,3,0
110970,India,19,4,0
274464,Other,19,2,0
178833,Russia,7,4,0
206261,USA,21,6,1
22242,Other,1,3,0
277148,India,19,4,0
21756,Other,3,3,0
206662,Other,12,0,0
270604,Russia,6,4,1
74346,China,13,1,0
10748,USA,10,1,0
80018,China,4,3,0
224440,India,2,5,1
209032,Other,23,3,0
84809,India,19,0,0
263094,USA,21,5,1
235557,Russia,8,5,1
60154,India,7,5,1
105189,Russia,22,5,1
30667,India,7,2,0
231324,India,23,3,0
80965,USA,18,6,1
15956,USA,21,1,0
190310,China,17,6,1
280848,Russia,18,5,1
53802,India,18,6,1
276758,China,22,6,1
142916,China,13,6,1
236099,India,11,5,1
218466,Other,9,1,0
14725,India,16,5,1
184393,Other,21,4,0
293494,USA,21,5,1
82944,India,22,4,0
124270,India,16,3,0
208734,India,13,4,0
231177,USA,20,6,1
77191,USA,1,1,0
274557,Russia,5,5,1
206076,India,0,2,1
139667,China,6,5,1
25036,Russia,1,1,0
294401,Russia,10,0,1
27006,China,3,3,0
190264,Russia,3,3,1
420,Russia,18,6,1
20844,China,19,1,0
129182,India,4,6,1
35630,Russia,20,1,0
210506,China,8,1,1
152765,Russia,0,0,1
58295,Other,15,3,0
6905,India,13,0,0
280563,Other,15,0,0
236001,Other,0,1,1
28968,India,12,3,0
174045,Other,23,3,0
110761,Other,18,4,0
100312,China,23,6,1
81544,Russia,23,2,0
95057,Other,18,5,1
268057,India,23,3,0
5336,China,8,5,1
195522,Other,23,1,0
153767,China,11,6,1
267892,USA,9,6,1
41832,USA,3,2,0
123682,Other,14,1,0
183175,Other,1,1,1
47106,Other,6,1,0
221220,China,7,0,1
97589,USA,10,6,1
3196,Russia,3,6,1
62459,Russia,1,5,1
275130,USA,0,2,1
284687,Russia,23,5,1
45219,USA,4,4,0
106255,China,13,3,0
44954,Other,15,2,0
218256,China,22,3,1
200880,Russia,15,2,1
118766,USA,1,3,1
63971,Russia,7,1,0
94177,India,4,5,1
214081,Other,10,3,0
229595,Other,11,4,0
191936,Russia,1,5,1
149140,China,8,6,1
32639,USA,10,0,0
122074,Russia,22,0,0
45625,India,22,6,1
155453,Russia,10,5,1
63927,Russia,0,3,0
284265,Russia,15,6,1
193236,India,7,0,0
16910,Other,18,4,0
218510,Other,22,6,1
285334,Other,20,4,0
215374,India,3,0,1
187616,USA,13,2,0
254267,China,1,3,1
209838,India,14,5,1
107583,China,21,0,0
197886,USA,7,3,0
15533,Russia,7,4,0
262063,Russia,0,3,1
74895,USA,20,3,0
26173,Other,16,5,1
84660,China,19,2,0
118856,China,20,2,0
150965,China,14,2,0
152458,Russia,3,2,1
237939,India,17,0,0
213347,India,5,2,0
157683,China,19,6,1
35134,India,15,1,0
197982,Other,14,0,0
116524,China,6,5,1
243887,China,21,1,1
272902,USA,22,0,0
149977,Russia,14,2,0
33905,Russia,11,1,0
161978,Russia,20,5,1
161009,USA,16,2,0
21029,India,3,0,0
245268,Russia,15,3,1
209083,India,15,4,0
12683,Russia,23,5,1
53439,China,20,6,1
31486,China,20,4,0
107262,USA,8,2,0
73136,Russia,6,6,1
41490,USA,6,0,0
63334,India,23,1,0
61885,Other,8,1,0
135042,USA,21,3,0
1426,India,12,3,0
215112,China,0,1,1
211235,India,15,6,1
123566,China,12,5,1
37568,Russia,17,2,0
39368,India,12,4,0
25818,Russia,18,0,0
32629,China,15,5,1
27280,China,15,0,0
161025,Other,19,4,0
101638,India,2,6,1
78514,Russia,11,1,0
31148,Russia,18,1,0
296040,China,4,0,1
98604,Russia,3,3,0
66096,Russia,9,6,1
298250,China,9,6,1
279367,USA,8,1,0
88464,China,15,5,1
211836,Other,13,0,0
218451,India,2,3,1
156200,Russia,17,3,0
282874,India,20,2,0
145915,Russia,13,4,0
4014,USA,21,4,0
246737,USA,12,3,0
241860,Russia,19,1,1
104933,India,14,5,1
104891,Russia,17,1,0
152473,Russia,4,1,1
112606,India,5,6,1
44068,India,23,4,0
160979,USA,4,3,1
130336,Russia,18,1,0
26605,India,18,3,0
16693,Russia,9,4,0
177731,India,2,0,1
75449,India,21,3,0
109072,Russia,21,6,1
125028,USA,0,4,1
149445,India,15,2,0
58064,Other,12,4,0
114056,USA,10,2,0
281942,Russia,0,6,1
2706,Russia,21,0,0
3282,India,8,4,0
36746,USA,18,4,0
147659,China,6,5,1
22473,Other,7,5,1
79189,China,3,2,0
90035,China,6,6,1
199286,USA,16,1,0
98146,China,2,1,0
298789,USA,6,4,0
135158,China,13,2,0
59368,USA,12,1,0
287989,India,12,5,1
275198,India,10,1,0
24975,China,20,1,0
175177,China,10,5,1
84790,Other,11,0,0
19490,China,18,4,0
103844,China,11,4,0
147652,China,20,6,1
235009,USA,18,6,1
147814,China,16,6,1
662,China,5,5,1
136258,India,6,1,0
217955,China,16,3,1
4616,Russia,21,3,0
115226,Other,4,2,1
230386,USA,20,2,0
168291,India,7,3,0
39469,USA,18,4,0
270209,USA,23,5,1
272176,Russia,7,2,1
238815,China,10,3,1
233263,China,12,4,1
46845,USA,17,2,0
257136,USA,8,0,0
138557,USA,5,2,0
90375,USA,14,5,1
298575,USA,1,4,1
273184,Other,11,2,0
75626,India,1,3,0
170756,China,23,3,0
122667,India,0,4,1
169774,Russia,21,6,1
11273,China,19,6,1
239371,China,1,5,1
278555,India,3,3,1
161441,USA,3,1,1
213427,China,14,0,1
232870,Russia,9,5,1
24736,Other,7,2,0
232821,China,2,4,1
96243,Other,17,3,0
204528,China,7,4,1
118682,China,23,1,0
49599,USA,10,1,0
221496,USA,5,4,0
23967,USA,0,4,0
163812,Other,13,3,0
261862,USA,22,5,1
200021,China,18,4,1
182668,India,2,6,1
191418,USA,13,0,0
204901,USA,20,1,0
270227,Other,21,3,0
103207,Russia,5,3,0
52598,China,1,2,0
82205,Other,6,6,1
239741,China,18,2,1
48517,China,13,1,0
165628,Russia,4,4,1
4601,India,20,6,1
80215,USA,4,0,0
108040,USA,1,3,1
42620,USA,13,2,0
107353,Other,23,4,0
229022,USA,6,3,0
186656,China,14,6,1
146251,Russia,6,3,0
88952,India,4,0,0
107820,India,6,2,0
196761,USA,2,6,1
216817,USA,14,6,1
143479,China,21,3,0
242006,USA,14,2,0
93762,Russia,0,0,0
74041,China,14,6,1
151279,Other,7,6,1
227656,China,3,6,1
93519,Other,3,5,1
284265,China,13,6,1
44692,Other,8,3,0
212907,USA,17,5,1
72490,Other,19,6,1
81754,Russia,0,3,0
11320,China,0,4,0
48150,USA,2,4,0
255402,Other,3,4,1
213553,Russia,17,5,1
274436,USA,21,2,0
63328,China,5,5,1
47139,China,0,6,1
32170,India,18,2,0
209408,Other,8,1,0
239403,Other,14,0,0
152164,Other,20,0,0
277971,Other,18,5,1
164404,China,14,2,0
10785,China,8,4,0
55877,India,8,2,0
87095,India,11,6,1
249213,Russia,1,4,1
259491,Other,9,0,0
66090,Other,4,6,1
11171,China,19,1,0
224707,USA,15,5,1
72342,Russia,1,1,0
59147,Other,11,3,0
147136,Other,16,0,0
109410,USA,19,2,0
106528,Other,1,4,1
284358,USA,7,2,0
220871,India,20,6,1
47114,India,22,5,1
219398,Other,2,3,1
14452,USA,0,3,0
227355,Russia,17,0,1
188339,China,7,0,0
66642,Russia,21,2,0
41696,Russia,12,6,1
232629,China,8,2,1
118299,India,1,1,1
20715,USA,11,6,1
210206,Other,17,5,1
112944,India,19,6,1
253630,India,14,0,0
243758,Other,19,6,1
280311,Russia,14,4,1
93952,USA,17,4,0
158680,Other,7,2,0
266663,India,17,3,0
140944,USA,4,4,1
15255,Other,11,1,0
61490,Russia,12,5,1
141658,China,4,5,1
193506,China,11,6,1
29151,India,10,3,0
148088,China,11,1,0
122390,Russia,17,4,0
253784,Russia,2,3,1
225878,USA,16,0,0
203939,China,10,3,1
152016,Other,22,4,0
39869,India,18,4,0
360,Other,6,5,1
155910,Other,13,1,0
167893,Russia,2,4,1
296470,India,1,1,1
53596,Other,13,0,0
194091,Russia,2,3,1
34260,Russia,16,2,0
129642,China,19,2,0
177247,India,16,2,0
160082,USA,6,6,1
95432,China,23,6,1
52148,China,21,6,1
37712,China,13,0,0
24453,India,22,0,0
113415,Russia,15,6,1
266050,India,21,5,1
41819,Russia,7,4,0
57631,China,2,4,0
48140,Russia,5,5,1
299727,USA,6,1,0
277729,Russia,19,4,1
106690,Other,20,5,1
76444,Russia,19,2,0
105705,China,16,4,0
172147,USA,0,1,1
290152,Other,20,4,0
282844,China,1,4,1
291113,Other,1,2,1
106966,China,9,6,1
80915,Other,10,2,0
215266,Russia,4,4,1
23566,Other,10,0,0
74752,China,12,2,0
277617,India,2,0,1
231727,China,20,2,1
70843,USA,0,3,0
229838,USA,10,2,0
16388,USA,21,5,1
173961,USA,11,5,1
149106,China,0,2,1
207106,India,11,2,0
34327,Other,4,6,1
123140,Other,11,5,1
237341,Russia,9,6,1
220104,USA,0,4,1
200642,China,13,1,1
21697,China,9,6,1
95013,Other,9,3,0
151643,USA,4,3,1
179850,China,3,3,1
214270,USA,4,3,1
257863,Russia,13,3,1
122371,USA,6,3,0
279278,India,15,3,0
393,India,6,5,1
145510,Russia,3,6,1
4852,Other,10,0,0
190596,India,20,6,1
212417,Other,2,1,1
166907,Russia,10,4,0
97249,Other,10,6,1
278828,China,1,3,1
261916,China,13,1,1
226631,China,23,1,1
284679,Russia,0,1,1
2566,Russia,22,0,0
120152,USA,19,3,0
70163,USA,14,1,0
10386,India,14,3,0
294763,Other,4,2,1
235577,China,3,0,1
30222,China,9,5,1
46571,USA,7,3,0
17242,Russia,9,1,0
195521,Other,1,0,1
1079,USA,22,2,0
253378,China,10,1,1
75818,Russia,5,0,0
196840,China,3,3,1
19058,USA,13,5,1
158269,USA,19,3,0
292184,India,13,0,0
195755,USA,11,5,1
60769,Other,5,5,1
94860,USA,12,1,0
286424,China,17,0,1
218078,India,10,4,0
219391,India,19,2,0
233158,USA,4,4,1
47047,China,11,3,0
28929,Russia,5,6,1
73737,USA,17,5,1
130812,Other,20,1,0
246533,Other,7,5,1
229439,China,20,3,1
181201,China,12,2,0
187920,India,13,6,1
125715,USA,20,1,0
88889,Other,9,4,0
182039,Russia,18,2,0
96194,Other,16,2,0
43954,Russia,5,3,0
132799,USA,9,3,0
239375,Russia,4,5,1
141747,Russia,4,1,1
228799,India,19,6,1
192799,Russia,10,5,1
287363,Russia,20,0,1
164481,Other,1,3,1
42608,India,7,1,0
147554,Russia,20,1,0
70167,China,11,6,1
21717,USA,13,6,1
63019,India,4,3,0
92924,Other,1,6,1
104233,China,23,0,0
79321,Russia,8,5,1
9951,Other,10,1,0
236587,Russia,21,4,1
58386,India,1,0,0
187162,Other,12,0,0
225664,Russia,11,4,1
102052,Other,5,4,0
263490,USA,20,1,0
64288,China,18,5,1
85885,Russia,5,1,0
185853,USA,1,3,1
16469,Russia,1,4,0
271700,China,8,3,1
19101,Other,15,0,0
259514,China,7,3,1
291007,China,6,0,1
299462,Other,11,6,1
273271,China,5,6,1
282400,Russia,10,4,1
118097,China,13,4,0
173041,India,15,2,0
235068,India,7,6,1
75251,India,12,3,0
204169,China,15,3,1
81191,USA,1,0,0
135721,Russia,7,4,0
219013,Other,12,5,1
134092,China,19,0,0
237583,India,18,5,1
122216,USA,7,0,0
154978,Russia,23,4,0
116727,Other,9,0,0
53863,USA,7,1,0
105536,China,4,5,1
182141,Russia,12,1,0
102136,India,6,6,1
88213,Other,4,6,1
76838,Russia,15,3,0
143235,India,10,0,0
5191,Other,13,4,0
163884,Other,15,0,0
201968,China,5,3,1
250885,Other,11,6,1
10644,India,6,2,0
265010,USA,12,2,0
16602,Russia,9,5,1
198623,India,6,3,0
129293,Other,8,6,1
102383,Russia,7,2,0
73297,Russia,16,6,1
196865,China,2,6,1
49005,USA,11,2,0
297147,USA,18,5,1
144809,India,19,3,0
195682,India,20,5,1
132564,Other,7,3,0
266351,Russia,5,4,1
252383,Other,1,6,1
161564,USA,22,0,0
132380,Other,6,3,0
62823,India,6,1,0
43831,Russia,20,3,0
242681,USA,12,3,0
263642,Other,4,3,1
14975,Russia,9,6,1
178848,Other,18,5,1
110079,USA,7,0,0
132731,Other,2,6,1
56817,China,1,1,0
217862,Other,8,3,0
62096,China,8,3,0
204515,China,18,2,1
243237,China,3,2,1
263574,Russia,14,3,1
81430,Russia,18,0,0
231954,China,16,5,1
224482,Russia,16,4,1
25339,USA,0,4,0
108709,India,10,6,1
244202,China,16,0,1
75191,USA,1,5,1
162139,China,19,4,0
110821,USA,15,2,0
50920,China,10,3,0
96418,USA,17,6,1
228102,Other,12,5,1
160948,China,9,6,1
53772,Russia,11,1,0
86414,India,20,6,1
266990,India,12,5,1
7235,India,13,5,1
264738,Russia,5,1,1
28264,China,18,1,0
97113,India,17,4,0
221249,Russia,14,6,1
101436,Russia,5,6,1
175524,USA,12,5,1
23713,USA,8,6,1
134662,USA,2,2,1
170406,China,2,3,1
145999,Other,12,0,0
30924,China,4,1,0
94731,Russia,16,0,0
113923,China,0,0,1
152717,Russia,23,6,1
181544,Russia,13,4,0
275254,India,9,5,1
80524,Other,22,4,0
67302,USA,5,4,0
222715,India,12,3,0
95812,Other,20,1,0
229938,China,10,3,1
226513,India,5,0,0
75977,China,3,0,0
260560,China,12,5,1
262944,India,2,1,1
60952,China,8,2,0
177213,Russia,6,2,0
259792,Other,21,4,0
241344,Other,6,3,0
13864,Russia,14,0,0
185692,USA,18,5,1
135483,Russia,15,0,0
193434,China,8,5,1
285010,USA,9,1,0
128042,Russia,23,0,0
103527,USA,13,3,0
107812,USA,16,0,0
266592,Russia,17,3,1
220200,USA,6,4,0
216932,Other,13,6,1
285542,Russia,23,6,1
175937,USA,10,4,0
169113,USA,0,4,1
27665,USA,23,2,0
123967,Russia,21,5,1
51087,China,11,2,0
39887,India,7,5,1
286178,China,22,5,1
257036,Other,19,4,0
294278,Russia,19,4,1
252361,China,20,2,1
27454,USA,22,3,0
70114,Other,9,3,0
106759,China,4,5,1
292217,Other,23,6,1
149284,India,10,3,0
181528,Other,13,5,1
107176,Other,4,0,1
258257,USA,21,4,0
192893,Other,13,5,1
19826,Other,12,6,1
128784,Other,3,2,1
69940,USA,17,4,0
111466,China,7,3,0
200756,Other,1,4,1
160984,India,12,6,1
171702,India,5,6,1
28153,China,5,3,0
175820,USA,19,3,0
219247,China,15,6,1
267955,China,10,2,1
239446,India,13,0,0
183288,India,9,2,0
115940,USA,7,5,1
185004,Other,14,0,0
88974,China,9,6,1
158271,India,14,3,0
252031,China,20,5,1
37740,USA,6,6,1
207054,India,3,3,1
57209,India,16,4,0
115836,China,3,1,1
93761,India,22,0,0
218253,China,13,1,1
26637,Other,3,1,0
32708,China,7,4,0
181218,USA,21,0,0
190029,USA,8,4,0
44342,India,4,0,0
206424,India,14,4,0
95855,India,12,6,1
163269,India,9,2,0
199793,USA,4,5,1
29292,India,11,6,1
71180,India,0,5,1
151383,China,20,4,0
38634,USA,0,1,0
260798,India,12,1,0
57850,China,15,5,1
26033,China,7,4,0
187809,India,17,2,0
68831,China,8,5,1
166208,Other,12,6,1
113380,India,19,1,0
163672,USA,9,0,0
242247,Russia,0,5,1
192736,India,5,6,1
121712,Russia,15,4,0
284841,USA,18,6,1
77382,Russia,13,6,1
135051,Other,5,4,0
182443,Russia,12,2,0
153593,Other,10,1,0
135252,China,9,3,0
227522,Russia,9,0,1
85351,Russia,12,3,0
212390,Russia,6,4,1
45638,China,3,0,0
87972,Russia,12,3,0
247410,China,7,0,1
177804,Russia,23,5,1
199772,India,15,2,0
53648,USA,21,6,1
225049,China,17,3,1
103995,USA,20,4,0
47041,China,9,0,0
239841,Other,17,1,0
169012,India,6,2,0
20116,China,7,5,1
149478,USA,5,3,0
49607,USA,0,6,1
28509,Other,2,3,0
246943,USA,2,1,1
95707,Russia,18,6,1
254014,USA,8,5,1
79858,Other,9,3,0
110889,Other,14,3,0
45915,China,16,3,0
163269,China,23,0,0
135848,Russia,6,0,0
159471,Russia,3,4,1
69108,Other,16,0,0
214593,Other,20,6,1
30737,Russia,7,1,0
118595,India,9,1,0
270296,India,20,1,0
105317,China,10,6,1
172599,Russia,18,1,0
67412,Other,21,4,0
10965,Other,5,6,1
50354,USA,9,4,0
78222,India,19,0,0
135183,China,17,5,1
146050,India,12,1,0
106121,USA,5,2,0
227234,India,19,0,0
275079,Other,22,5,1
127707,Other,5,3,0
98642,India,7,6,1
148088,USA,12,6,1
246824,USA,19,3,0
109088,China,18,0,0
181007,Other,21,2,0
264641,China,14,3,1
173139,USA,21,1,0
171883,China,19,2,0
38215,Russia,1,5,1
239906,Russia,6,2,1
48303,China,0,5,1
200177,China,19,3,1
56153,USA,13,1,0
6822,Russia,5,0,0
18152,India,14,6,1
212983,Other,17,4,0
241789,Other,16,5,1
224584,China,18,5,1
15708,Other,17,5,1
188219,USA,7,6,1
199326,USA,20,1,0
41323,Russia,15,2,0
176181,Other,10,3,0
143033,USA,11,5,1
72857,China,19,4,0
179265,Russia,19,2,0
101210,India,17,3,0
33363,Russia,22,4,0
73035,Russia,13,5,1
157517,Russia,12,1,0
183046,Russia,21,3,0
250067,India,22,4,0
271602,China,3,4,1
99282,China,22,4,0
140567,Other,13,3,0
248514,China,21,5,1
225362,USA,10,5,1
96272,China,3,5,1
163183,USA,10,4,0
57922,India,6,0,0
297521,USA,23,3,0
15064,Other,10,0,0
19075,China,9,1,0
248773,China,22,3,1
2054,Other,10,6,1
109027,Other,21,0,0
76599,USA,14,0,0
95547,China,1,0,0
109518,China,3,6,1
217064,USA,0,0,1
220191,China,12,1,1
2277,India,20,4,0
243581,USA,12,6,1
6089,Other,21,5,1
73257,USA,11,2,0
169159,India,13,2,0
174885,Russia,11,5,1
112023,India,23,4,0
213110,USA,1,6,1
115557,Other,2,0,1
103626,China,3,2,1
205621,India,4,3,1
292296,China,22,0,1
185458,China,21,3,0
214839,China,6,3,1
153968,USA,23,2,0
243360,Russia,4,6,1
157399,Russia,18,3,0
74887,Other,1,4,0
26688,Russia,16,5,1
21005,India,15,4,0
43156,China,5,2,0
177999,USA,11,1,0
61276,Other,10,4,0
228898,USA,5,5,1
281981,Russia,11,3,1
53423,Russia,3,5,1
68357,China,19,0,0
82245,India,13,5,1
14858,China,6,3,0
33451,USA,16,3,0
26527,Other,18,0,0
294177,India,6,4,0
140697,India,13,3,0
251874,China,2,5,1
197925,Russia,8,2,0
235224,Other,14,6,1
125360,China,16,6,1
183062,Russia,19,3,0
97607,Other,0,5,1
257104,USA,23,1,0
181162,India,2,4,1
187075,USA,12,2,0
51910,USA,23,4,0
245797,China,12,0,1
51044,Other,0,1,0
292214,USA,9,6,1
207826,China,0,6,1
97260,USA,18,3,0
29741,Russia,12,4,0
6576,China,5,6,1
172214,India,10,1,0
20644,Other,19,1,0
199598,Other,22,6,1
742,Russia,21,6,1
111594,India,8,5,1
52257,India,20,5,1
96050,USA,3,3,0
139466,USA,23,5,1
295720,Other,2,1,1
200873,Other,8,5,1
113240,USA,11,5,1
233995,Russia,21,6,1
111900,Russia,0,0,1
287615,China,19,6,1
110510,Russia,11,5,1
255353,Other,20,5,1
9278,China,1,3,0
94993,USA,8,0,0
253153,Other,10,5,1
227162,Russia,2,6,1
228630,India,6,2,0
38874,India,10,1,0
176984,China,11,1,0
129077,Russia,0,6,1
218456,China,10,2,1
153388,China,16,0,0
43423,India,21,0,0
93308,USA,11,6,1
293139,USA,12,6,1
26711,USA,11,2,0
252991,China,22,5,1
105393,China,6,5,1
238742,Other,14,0,0
99741,India,19,2,0
79185,Other,19,2,0
62502,India,23,6,1
99355,USA,17,0,0
215656,China,22,4,1
209718,USA,19,4,0
243949,Russia,13,3,1
35567,China,4,0,0
26641,India,5,5,1
136568,USA,7,6,1
109985,China,19,0,0
40696,USA,2,4,0
237831,India,14,5,1
28238,Other,14,0,0
246925,USA,6,4,0
31254,Other,17,6,1
140572,India,22,1,0
109129,Russia,13,0,0
67412,Other,18,4,0
190313,China,10,1,0
119835,Other,20,3,0
9378,Russia,7,3,0
174894,Other,11,5,1
219946,Russia,10,6,1
88633,Russia,23,4,0
191064,USA,6,1,0
83233,USA,19,0,0
226524,Other,19,5,1
267704,India,5,2,0
61555,Russia,8,5,1
225430,India,11,4,0
281640,Russia,0,0,1
82849,India,14,2,0
254243,India,10,2,0
291054,USA,4,1,1
231134,China,0,6,1
291905,Other,23,0,0
244656,China,21,5,1
238009,India,0,0,1
65612,China,9,0,0
156465,Russia,22,4,0
59735,USA,11,4,0
129222,Russia,16,0,0
3605,India,10,1,0
136040,China,6,3,0
258059,China,16,0,1
21324,India,22,5,1
162994,USA,2,3,1
244549,USA,18,5,1
94582,USA,15,0,0
20471,Russia,16,5,1
285148,Russia,0,2,1
131400,Russia,21,0,0
228187,USA,0,2,1
33457,Other,5,3,0
298380,USA,11,1,0
278231,India,20,0,0
201165,USA,12,1,0
176871,India,13,1,0
191603,USA,19,2,0
274475,Russia,20,4,1
118763,Russia,22,1,0
54913,USA,12,0,0
114625,Russia,16,4,0
34307,Other,2,6,1
177884,China,19,1,0
93540,USA,5,2,0
181310,Russia,21,6,1
154617,USA,22,1,0
52546,India,5,1,0
186048,USA,1,5,1
217351,Other,21,1,0
262913,Russia,17,3,1
294297,USA,16,3,0
131924,USA,3,5,1
245359,Russia,14,1,1
46723,Russia,14,6,1
75438,India,8,6,1
284708,India,22,1,0
91215,India,4,2,0
245710,Russia,15,3,1
121122,Russia,7,5,1
67202,India,15,3,0
6106,Other,11,5,1
235821,China,3,5,1
240254,China,7,2,1
180080,USA,1,6,1
34895,India,22,6,1
59187,India,22,3,0
26484,Russia,4,3,0
263974,USA,15,4,0
288722,USA,2,4,1
82521,Russia,14,0,0
252378,China,10,5,1
10669,USA,17,3,0
209459,USA,12,6,1
116943,USA,20,4,0
273486,Other,9,6,1
251505,USA,4,4,1
85413,USA,19,3,0
43125,USA,5,5,1
182708,India,16,0,0
205678,USA,11,1,0
48380,India,0,4,0
23652,India,2,6,1
112042,India,15,3,0
117087,USA,23,1,0
19337,USA,17,1,0
102229,China,1,5,1
278823,India,14,2,0
181564,Other,15,5,1
208459,Russia,17,2,1
1309,Other,19,1,0
102499,Other,19,6,1
298849,Russia,20,6,1
79081,China,16,0,0
9932,India,9,0,0
57357,Russia,20,4,0
117820,Other,4,4,1
3962,India,8,5,1
288750,Other,21,4,0
177256,India,0,4,1
77305,India,1,2,0
33692,Russia,1,5,1
295940,China,2,6,1
187184,India,8,1,0
30510,China,12,0,0
217338,Russia,2,2,1
126559,China,9,1,0
246112,USA,11,2,0
31564,Other,3,5,1
155459,India,16,6,1
249317,India,17,4,0
123125,Russia,18,0,0
273510,China,23,0,1
168391,Other,13,0,0
274709,Other,2,2,1
138899,Russia,12,1,0
219149,China,0,4,1
89310,Other,3,1,0
297206,Russia,10,6,1
72284,Other,13,0,0
159669,Other,0,5,1
245075,Russia,15,4,1
128059,USA,9,5,1
57360,USA,7,6,1
127381,India,19,6,1
49029,China,21,6,1
27701,USA,7,0,0
145417,India,0,2,1
187566,Other,18,5,1
254797,India,17,4,0
203735,USA,23,0,0
181234,India,22,0,0
299015,India,2,6,1
200703,China,15,4,1
92602,India,20,1,0
172145,USA,14,3,0
124802,USA,19,3,0
241034,India,1,4,1
6586,India,4,3,0
25936,India,4,2,0
2204,Other,6,0,0
57633,USA,0,1,0
261349,India,20,0,0
105811,Other,14,3,0
110301,Russia,4,0,1
64943,India,18,1,0
200223,USA,22,0,0
168138,Russia,16,3,0
285679,Other,18,6,1
172915,India,0,4,1
140687,Other,3,5,1
115153,China,19,0,0
239230,USA,23,3,0
209877,India,9,2,0
255362,India,19,3,0
95181,Other,6,1,0
22322,Other,18,1,0
205347,Russia,22,1,1
111035,China,2,3,1
58624,India,23,3,0
168077,Other,10,5,1
270874,USA,21,3,0
127353,Other,1,5,1
185440,India,12,6,1
100309,Russia,13,2,0
182469,Other,8,6,1
229830,Russia,23,6,1
202618,Other,4,3,1
173513,India,11,4,0
105458,India,5,1,0
54650,Other,17,2,0
250583,China,1,5,1
135569,India,22,5,1
65414,China,10,4,0
7092,China,10,0,0
198422,Russia,9,0,0
174985,Other,2,3,1
201840,China,6,1,1
228902,Russia,12,2,1
203932,Russia,2,0,1
81700,Other,0,4,0
285460,Russia,18,2,1
86628,Other,12,0,0
209170,China,9,0,1
151765,India,0,5,1
131611,USA,9,3,0
197625,USA,9,3,0
142349,USA,13,5,1
202965,China,8,3,1
110253,India,16,2,0
97315,USA,18,6,1
253306,China,12,5,1
185246,Russia,10,2,0
129456,India,5,1,0
51700,USA,9,4,0
81117,China,11,5,1
58688,India,15,6,1
123171,China,4,2,1
65707,Other,15,6,1
53659,Russia,17,3,0
48785,USA,20,1,0
23816,USA,13,5,1
41704,Other,11,6,1
192605,USA,1,2,1
285051,USA,14,2,0
272855,China,2,5,1
116698,USA,6,2,0
144154,Russia,10,2,0
20016,Other,15,2,0
15728,Russia,12,5,1
44677,USA,19,1,0
86674,Other,11,2,0
247081,India,18,4,0
269596,Russia,8,2,1
272729,Other,7,6,1
101268,India,6,2,0
102552,USA,14,6,1
14334,USA,14,1,0
248126,USA,19,2,0
182198,China,3,1,1
214871,Other,23,5,1
122767,China,19,6,1
200453,Other,3,6,1
135393,China,4,6,1
159767,China,7,5,1
171148,Russia,22,1,0
173148,India,3,3,1
219583,India,22,2,0
125388,Other,8,4,0
288179,Russia,19,0,1
164982,Russia,21,4,0
4712,India,8,3,0
13640,Russia,7,3,0
81488,China,21,2,0
148348,USA,1,2,1
52417,India,9,2,0
172038,Russia,22,6,1
176384,Other,23,2,0
153596,Russia,10,2,0
39565,China,8,0,0
154241,Russia,6,1,0
186619,India,20,3,0
251425,Russia,7,3,1
2665,Other,16,3,0
40283,India,2,2,0
102127,Russia,8,4,0
180420,Russia,9,2,0
13169,USA,16,4,0
247505,Other,16,2,0
204844,Russia,1,4,1
45327,Russia,12,3,0
258362,India,4,4,1
91252,USA,22,3,0
233059,Russia,0,5,1
6374,USA,16,2,0
133944,Russia,22,4,0
177736,China,4,5,1
38549,Russia,3,0,0
156264,USA,16,6,1
107133,China,19,0,0
57500,Russia,4,2,0
106898,Russia,1,0,1
52632,Other,0,6,1
114944,USA,18,3,0
175993,India,1,6,1
234033,China,9,3,1
37980,Russia,7,3,0
23345,India,17,0,0
21467,India,15,6,1
122966,India,4,5,1
13045,India,17,2,0
59522,USA,19,6,1
198766,China,22,3,0
262665,USA,23,4,0
202479,USA,8,5,1
239711,USA,5,3,0
122638,China,11,0,0
201313,Russia,17,1,1
125325,Russia,21,6,1
15551,Other,15,4,0
267203,India,0,5,1
118788,China,10,5,1
206573,China,18,6,1
16532,USA,4,3,0
281095,USA,7,6,1
40927,USA,8,1,0
7688,Russia,16,2,0
286019,Other,13,0,0
49938,Other,2,5,1
260531,Russia,8,1,1
267890,Other,17,3,0
16148,China,20,3,0
6356,USA,13,1,0
44122,Other,10,5,1
265475,India,7,0,0
245374,China,22,6,1
281561,India,5,4,0
247583,India,10,4,0
47778,India,7,4,0
297132,India,9,3,0
203997,China,22,1,1
288309,Russia,23,1,1
290845,China,4,1,1
90754,China,13,4,0
59814,India,8,3,0
46668,Russia,5,2,0
99053,Other,20,1,0
23409,India,21,5,1
62642,Russia,5,0,0
103706,USA,1,3,1
250774,China,15,3,1
289439,China,14,4,1
290291,Other,14,1,0
24706,China,21,2,0
171251,China,8,3,0
285925,Other,7,0,0
28783,India,2,3,0
31044,India,0,2,0
16388,Other,5,3,0
105216,India,18,1,0
115462,Russia,9,3,0
84736,Russia,10,5,1
239541,Other,20,5,1
178372,Other,9,3,0
26880,Russia,7,2,0
107288,USA,2,2,1
146523,India,22,6,1
97650,USA,13,1,0
240744,India,21,2,0
254274,Russia,17,2,1
184701,Russia,18,0,0
107348,China,2,6,1
29806,Russia,18,5,1
261755,Russia,23,4,1
195818,China,20,6,1
99931,India,8,3,0
66153,India,20,0,0
93158,China,10,5,1
168844,Other,13,6,1
84307,China,9,3,0
78324,China,1,1,0
15639,China,12,4,0
89171,USA,16,2,0
225218,Russia,13,1,1
216363,Other,7,0,0
8416,Russia,18,3,0
285584,USA,21,6,1
289272,Other,15,1,0
160877,India,1,1,1
61035,Other,9,0,0
267575,China,11,6,1
292592,India,23,0,0
29338,India,15,0,0
86203,USA,18,0,0
55165,Russia,1,0,0
12837,Russia,20,5,1
285547,USA,18,3,0
56224,USA,20,5,1
227308,China,23,0,1
49886,Other,11,5,1
74157,India,8,3,0
52574,China,1,0,0
221204,Other,18,2,0
34642,USA,9,1,0
268851,Russia,19,4,1
26176,USA,17,6,1
106916,Other,18,0,0
151215,Other,12,0,0
3537,Russia,5,1,0
175826,Other,18,4,0
291137,USA,14,3,0
219819,Other,20,2,0
94431,India,14,4,0
224089,Other,5,2,0
141173,Other,5,4,0
285370,USA,13,2,0
242866,Russia,12,0,1
181524,India,21,2,0
194104,USA,4,4,1
32387,Russia,17,4,0
44808,China,16,6,1
190723,Other,6,1,0
16656,USA,23,5,1
240118,China,2,6,1
8768,Other,7,0,0
157406,Other,3,2,1
131258,USA,1,0,1
105996,China,14,1,0
52567,USA,19,4,0
292368,Russia,2,6,1
56699,China,20,4,0
96808,Russia,13,4,0
196344,China,13,4,0
247455,India,17,6,1
93185,USA,1,4,0
275291,Other,14,3,0
289960,USA,11,2,0
67558,India,14,6,1
278908,China,4,0,1
186720,Russia,1,1,1
39080,China,7,6,1
69668,Other,18,1,0
118332,Other,9,1,0
206778,India,14,4,0
164162,USA,21,1,0
87958,India,5,0,0
252805,India,6,6,1
65097,India,11,5,1
40276,Russia,5,2,0
191763,Other,22,6,1
181843,Russia,2,3,1
193207,India,21,0,0
298578,India,6,0,0
61401,China,23,1,0
259962,Russia,4,0,1
49269,Russia,4,2,0
136921,Other,17,4,0
100608,China,7,3,0
242478,Other,12,3,0
256516,Russia,9,0,1
140088,Russia,10,1,0
224163,Russia,21,3,1
99587,Russia,10,5,1
287913,India,6,2,0
14839,USA,2,1,0
52665,India,2,0,0
232800,China,5,4,1
254898,Other,12,2,0
101178,India,12,1,0
274431,Russia,16,5,1
187639,China,1,0,1
130364,Russia,17,1,0
189409,Russia,6,1,0
176707,Russia,17,6,1
187959,USA,7,5,1
90331,Other,18,0,0
71402,Other,16,2,0
88797,India,6,2,0
57291,USA,4,4,0
273025,India,14,4,0
294556,Russia,20,3,1
118811,India,0,0,1
183576,India,9,0,0
91518,USA,22,1,0
131218,USA,18,4,0
155268,Russia,21,1,0
49547,Other,10,2,0
84162,Russia,20,3,0
101675,Other,5,4,0
120717,Russia,11,1,0
216093,Other,16,4,0
46478,Other,23,0,0
204049,Other,5,5,1
95646,China,4,3,0
298489,Other,21,1,0
2222,India,5,0,0
157089,USA,0,6,1
132671,USA,12,6,1
196637,India,19,3,0
135796,Other,19,4,0
173980,China,10,0,0
136011,Other,12,0,0
283008,China,9,5,1
116014,Russia,23,5,1
233323,India,4,5,1
231045,Other,17,1,0
210503,USA,17,1,0
170877,USA,21,2,0
100095,Russia,0,3,1
218050,India,14,1,0
283115,India,18,2,0
247930,China,21,6,1
232719,India,10,3,0
26275,Other,23,3,0
62712,India,18,6,1
133697,Russia,6,1,0
85424,Russia,4,2,0
54539,Other,12,5,1
149051,Russia,6,0,0
47437,Other,13,2,0
9468,India,15,0,0
163389,China,3,1,1
170195,USA,12,3,0
221189,China,0,6,1
238193,India,23,0,0
209964,China,4,6,1
120904,USA,7,4,0
143345,Russia,21,3,0
238834,Russia,1,6,1
54771,Russia,10,4,0
70889,Russia,6,3,0
195304,China,16,4,0
286105,China,11,5,1
128985,Russia,21,5,1
286120,USA,10,4,0
149740,Other,12,4,0
235911,China,15,3,1
1268,China,2,2,0
42941,USA,6,5,1
71735,India,3,3,0
194321,USA,23,5,1
130803,Other,8,2,0
264364,China,2,5,1
299643,China,9,5,1
278436,China,23,0,1
105326,Russia,20,5,1
34254,Russia,5,0,0
289340,China,5,3,1
226611,USA,3,2,1
69506,USA,10,1,0
277283,Russia,3,2,1
23570,Russia,13,5,1
154396,India,8,2,0
81576,Other,5,6,1
46972,India,19,1,0
195951,Russia,7,5,1
9276,India,14,5,1
214175,Other,0,3,1
149595,Russia,2,3,1
203735,Russia,18,6,1
54359,USA,23,6,1
120346,China,8,6,1
159985,China,6,1,0
146134,USA,7,3,0
205096,India,11,6,1
38648,China,16,6,1
236817,India,9,6,1
219594,USA,20,5,1
182046,USA,0,5,1
203085,Russia,22,6,1
163878,USA,14,3,0
28508,Russia,17,5,1
10221,USA,7,2,0
84477,China,7,2,0
46372,Other,20,2,0
120790,China,23,0,0
111459,India,6,3,0
107245,China,22,5,1
251697,Russia,22,2,1
79764,China,17,3,0
9377,Other,3,4,0
285208,USA,13,6,1
85439,Russia,5,1,0
39800,China,14,3,0
173560,USA,22,1,0
215772,USA,13,1,0
106980,Other,3,0,1
296282,China,9,4,1
172654,USA,12,0,0
29238,Russia,11,1,0
272488,Russia,19,6,1
231397,India,4,4,1
203466,China,11,0,1
213703,India,10,1,0
39664,Other,22,3,0
216199,Russia,22,1,1
27714,USA,18,2,0
207940,China,22,5,1
270350,Other,1,4,1
71372,Other,1,6,1
72912,Russia,14,2,0
31477,India,18,1,0
30379,India,9,2,0
185830,Other,13,6,1
241100,China,6,1,1
108272,USA,17,1,0
30631,India,10,2,0
142997,Other,5,5,1
247595,USA,9,0,0
25906,USA,22,3,0
188639,China,0,4,1
141828,USA,4,1,1
140678,Other,23,6,1
275460,Russia,12,0,1
49563,USA,0,3,0
20623,Other,13,6,1
264431,Russia,5,1,1
38145,Russia,7,5,1
227017,Russia,20,4,1
238170,USA,1,3,1
271707,China,0,4,1
267897,Other,8,4,0
11187,India,6,0,0
89223,Russia,22,2,0
264665,India,22,5,1
218394,India,10,6,1
83992,India,8,2,0
73096,India,23,0,0
223105,Russia,5,5,1
230557,USA,22,3,0
207808,India,7,4,0
274524,USA,1,1,1
296052,USA,8,6,1
235143,USA,13,4,0
222602,China,23,6,1
11476,Other,20,2,0
289993,India,11,4,0
186980,Russia,0,0,1
15429,India,12,3,0
190193,Other,9,4,0
220682,China,6,5,1
217735,India,2,4,1
179875,India,3,1,1
119871,Russia,20,2,0
291302,Russia,2,2,1
8157,Other,20,5,1
118413,Other,23,5,1
167375,USA,22,5,1
115104,Russia,2,1,1
210416,Russia,12,2,1
2933,Russia,16,4,0
244522,India,8,2,0
272227,USA,1,1,1
119572,Other,6,6,1
6741,India,16,3,0
299808,USA,4,5,1
2084,China,16,0,0
50993,China,8,3,0
119687,Russia,11,1,0
627,Other,13,2,0
44896,Russia,2,3,0
210453,Other,23,4,0
265344,USA,6,4,0
35480,Other,10,6,1
160952,USA,17,1,0
242584,India,19,1,0
148193,India,19,1,0
115896,India,7,4,0
228371,China,8,6,1
74979,China,14,6,1
202030,Russia,3,0,1
193544,China,14,3,0
257626,Other,12,1,0
214441,China,15,5,1
71552,India,19,1,0
126572,Russia,17,2,0
239691,Russia,15,6,1
233322,Russia,2,2,1
190824,China,14,5,1
135232,India,1,3,1
255403,USA,22,1,0
110958,India,10,0,0
204369,Russia,22,0,1
86869,USA,15,3,0
135209,China,6,5,1
25481,India,19,1,0
225060,China,14,1,1
92517,China,13,5,1
47392,Russia,22,4,0
205624,China,18,6,1
153130,USA,4,5,1
108182,USA,9,5,1
2335,Other,1,3,0
60214,USA,19,6,1
163810,Russia,3,0,1
225976,Other,19,0,0
252942,Other,16,3,0
55135,India,22,3,0
43685,Russia,4,0,0
159477,India,1,0,1
293801,USA,23,1,0
107477,USA,6,6,1
81976,Other,18,6,1
225995,Other,4,4,1
225403,Other,1,6,1
54496,Russia,17,6,1
263645,Other,3,2,1
240705,USA,0,6,1
129109,Russia,22,3,0
181459,Other,16,1,0
13887,USA,16,6,1
72157,China,18,2,0
178459,China,7,1,0
164430,India,5,2,0
258183,India,10,4,0
270667,Other,17,4,0
41038,Other,8,5,1
107204,China,20,6,1
10512,India,9,5,1
228210,China,5,4,1
216262,USA,4,3,1
220362,Russia,6,1,1
1561,Russia,11,5,1
175128,China,8,5,1
244311,India,5,6,1
3877,Other,13,1,0
137418,Other,0,3,1
256221,Other,15,2,0
270915,Other,10,3,0
208296,Russia,12,4,1
106042,China,15,4,0
190316,Russia,20,3,0
260577,Russia,10,3,1
281033,USA,12,6,1
118181,India,8,5,1
241758,China,17,6,1
225927,China,12,3,1
236158,India,20,4,0
45994,India,3,2,0
16975,Russia,4,6,1
253703,India,22,4,0
55019,China,12,6,1
116398,Russia,14,1,0
251615,China,11,0,1
142194,China,13,3,0
56597,Russia,7,3,0
211567,Other,16,5,1
126708,Russia,5,6,1
266940,Other,21,4,0
174549,Russia,18,3,0
170007,India,2,3,1
179204,USA,13,6,1
29978,Other,22,5,1
80184,Other,9,0,0
153462,USA,17,4,0
115719,Other,9,3,0
24486,India,19,6,1
296248,Russia,16,1,1
82149,China,13,1,0
238726,Other,5,4,0
278608,Russia,22,5,1
114776,Russia,20,3,0
237495,India,9,3,0
288824,India,9,4,0
156984,USA,13,3,0
127067,India,10,5,1
22911,India,15,6,1
132188,China,9,6,1
216332,China,22,4,1
90302,China,23,0,0
74324,China,20,1,0
210351,India,20,6,1
239939,USA,20,5,1
63934,Russia,15,2,0
285578,Other,6,5,1
47139,Russia,0,6,1
271767,USA,4,6,1
223585,China,4,5,1
100526,USA,1,5,1
47500,China,2,0,0
6132,Other,6,3,0
143361,USA,4,4,1
285790,Russia,3,5,1
243323,Other,11,6,1
294672,China,18,2,1
277258,India,6,0,0
220110,China,2,1,1
18797,China,1,3,0
117493,China,11,3,0
54784,Other,13,3,0
229151,China,14,0,1
113336,China,13,0,0
252068,Russia,6,2,1
39053,Russia,3,3,0
280517,Other,14,0,0
274713,China,5,6,1
12642,China,15,1,0
26399,Russia,3,4,0
107124,China,4,1,1
286201,Russia,11,3,1
96618,USA,6,5,1
135995,Other,21,5,1
157789,China,6,0,0
138365,USA,22,1,0
27408,USA,8,1,0
49441,China,2,3,0
231584,USA,12,1,0
298753,India,8,1,0
221455,Russia,23,6,1
215353,USA,15,6,1
73961,China,16,6,1
48086,Other,9,6,1
79300,China,18,6,1
293653,Russia,0,3,1
212747,Russia,9,5,1
234227,Russia,3,0,1
30113,India,13,1,0
70044,Russia,1,1,0
132751,Other,13,6,1
63712,Russia,23,0,0
91746,India,13,2,0
279088,USA,1,1,1
216119,India,11,6,1
153333,USA,21,5,1
214743,Russia,2,4,1
215081,Russia,4,6,1
284467,USA,6,0,0
210847,India,18,0,0
23220,Russia,4,6,1
82636,Other,3,6,1
294982,USA,8,3,0
240303,Other,13,2,0
51292,Russia,22,4,0
80133,Other,0,0,0
70294,USA,17,0,0
213074,China,19,4,1
35414,Other,21,5,1
9042,China,6,6,1
206769,Other,4,4,1
97296,India,17,3,0
215305,Russia,7,6,1
286739,Other,15,3,0
274856,China,0,6,1
38230,Other,14,1,0
41971,USA,19,5,1
241311,Other,11,4,0
38631,India,15,4,0
127679,USA,11,4,0
10632,Russia,23,4,0
263104,Russia,1,6,1
299451,China,15,0,1
110636,Other,8,5,1
185988,Russia,13,3,0
248210,USA,20,1,0
275678,Russia,11,1,1
233111,China,10,2,1
344,Russia,4,3,0
260839,Other,6,6,1
253500,China,7,5,1
290514,USA,21,6,1
175639,Other,4,4,1
141754,India,17,2,0
55777,India,6,0,0
276279,Other,21,6,1
120531,China,22,1,0
34099,Other,19,5,1
216505,Other,5,0,0
87748,China,12,1,0
220500,Russia,14,0,1
202956,Russia,10,1,1
156773,Other,14,6,1
188435,India,3,5,1
2057,China,6,5,1
121777,China,14,6,1
290420,Russia,18,2,1
57255,Russia,19,4,0
167627,Other,21,2,0
78856,Russia,17,3,0
210430,Russia,9,1,1
177049,India,6,1,0
115940,India,18,6,1
85647,China,6,1,0
44138,India,21,3,0
195628,Other,1,2,1
22016,China,17,3,0
14665,Russia,19,1,0
270749,China,21,5,1
243297,India,15,2,0
197738,China,13,6,1
21223,Other,0,3,0
191369,Other,9,4,0
120497,USA,1,6,1
82856,USA,8,6,1
110946,Russia,8,0,0
156478,India,23,6,1
224121,Russia,10,3,1
196706,India,15,3,0
274013,Russia,1,6,1
239208,Russia,2,1,1
5851,Other,13,0,0
69963,USA,13,4,0
292244,Other,16,6,1
173755,India,23,4,0
297820,Other,2,2,1
180493,Other,15,4,0
143290,Other,15,6,1
143748,USA,22,0,0
223938,China,2,3,1
196839,China,19,0,0
198861,China,0,0,1
131494,USA,15,2,0
269382,India,22,0,0
121475,Other,9,0,0
70698,USA,1,5,1
239958,India,13,4,0
103709,Russia,18,6,1
257540,India,15,2,0
38660,Other,8,2,0
18707,India,11,0,0
48440,Russia,9,6,1
108680,China,22,3,0
32436,USA,3,6,1
186233,USA,9,0,0
219869,China,4,0,1
242547,India,3,4,1
199893,China,5,4,0
280486,USA,21,5,1
36563,China,1,0,0
216152,Russia,15,4,1
141185,Russia,23,4,0
96578,USA,6,1,0
282424,India,10,6,1
181144,USA,2,1,1
4663,Other,5,5,1
137278,China,22,1,0
167027,Russia,18,1,0
220465,Other,14,3,0
131172,Russia,17,3,0
230970,China,10,5,1
144521,India,12,2,0
67564,USA,10,5,1
160310,USA,10,5,1
141563,Other,22,6,1
285380,India,17,6,1
243994,Other,23,3,0
27365,USA,23,5,1
236131,Russia,12,0,1
289597,China,13,2,1
119712,India,5,1,0
193257,India,4,3,1
189320,Other,2,6,1
275728,Other,20,5,1
82668,USA,8,1,0
35921,Other,13,6,1
265325,USA,0,3,1
117068,India,7,3,0
2402,Other,9,4,0
101257,USA,14,2,0
126147,Other,3,1,1
166612,India,22,2,0
206450,China,17,1,1
72131,Russia,20,1,0
9422,USA,10,0,0
88791,Russia,12,1,0
217945,India,20,4,0
299680,Russia,12,0,1
200480,USA,8,5,1
199360,Other,17,5,1
215283,India,4,3,1
87500,China,2,3,0
180141,Other,15,1,0
232230,USA,17,3,0
99769,Russia,23,2,0
95000,USA,5,6,1
198340,Other,0,6,1
221766,Other,21,0,0
77126,China,22,1,0
236855,China,4,4,1
226758,Other,12,6,1
279703,China,5,2,1
61322,USA,0,3,0
124247,China,22,5,1
145829,Other,0,2,1
78636,USA,2,6,1
144135,India,23,5,1
212885,China,2,6,1
39013,USA,0,5,1
29318,Other,8,1,0
215371,Other,1,2,1
254943,Russia,20,2,1
282816,India,6,2,0
121496,Russia,15,3,0
23633,Russia,3,1,0
101967,Russia,9,1,0
262866,Other,23,3,0
23907,Russia,15,0,0
148047,Other,19,5,1
161013,USA,5,3,0
118515,Other,11,1,0
158403,Other,7,5,1
14843,China,23,4,0
124088,India,19,1,0
69785,India,0,4,0
89583,China,20,0,0
290785,Other,8,1,0
111213,China,0,1,1
37705,India,12,6,1
101135,China,10,0,0
31279,Russia,2,1,0
123959,Other,17,5,1
221758,Other,0,1,1
261971,Russia,16,6,1
198655,China,9,3,0
120960,India,0,1,1
68903,Russia,4,6,1
248071,Russia,2,5,1
92915,India,11,4,0
41692,USA,23,1,0
195006,China,2,3,1
220923,USA,21,4,0
21354,India,4,1,0
24240,Russia,11,2,0
42501,Russia,9,2,0
157323,USA,16,6,1
122337,India,19,1,0
5295,Russia,15,5,1
96217,China,18,1,0
82555,India,2,2,0
108393,Russia,13,0,0
128288,Other,3,3,1
158660,USA,9,2,0
140449,Other,7,6,1
196993,USA,17,3,0
85978,Other,17,4,0
199480,Russia,4,2,1
79606,China,11,5,1
273699,Other,9,5,1
290508,Other,6,3,0
256458,Other,14,1,0
145629,Other,16,4,0
66631,Russia,4,6,1
104184,USA,15,2,0
167946,USA,22,1,0
285643,Russia,17,2,1
208731,USA,11,3,0
82763,Other,10,4,0
91338,Other,3,5,1
209988,China,10,1,1
130857,India,12,4,0
82673,India,0,3,0
285762,China,0,2,1
240824,India,18,4,0
270973,USA,15,3,0
26063,China,17,6,1
50680,Other,18,1,0
226276,China,19,0,1
2899,Russia,7,2,0
260972,China,0,6,1
93315,USA,1,6,1
50893,Other,19,2,0
156327,China,2,4,1
74373,China,14,5,1
225795,China,19,5,1
289677,China,23,1,1
226875,China,5,5,1
255601,India,3,3,1
160890,Russia,2,4,1
190220,Other,13,0,0
17428,China,6,4,0
77938,USA,9,1,0
30738,China,7,5,1
243108,USA,12,4,0
252980,Russia,6,2,1
164554,India,5,6,1
46421,USA,5,3,0
138246,Other,7,0,0
35231,India,8,6,1
7086,Other,12,6,1
1172,USA,14,0,0
292425,Other,6,1,0
245591,China,18,1,1
230191,Russia,11,0,1
42850,India,20,6,1
289261,Russia,0,1,1
186605,Russia,12,5,1
197191,Other,9,2,0
51841,Russia,18,6,1
264548,China,8,2,1
26273,Russia,3,4,0
120666,USA,9,2,0
144249,USA,10,5,1
112178,China,5,4,0
23821,China,21,0,0
51286,India,7,5,1
184430,USA,9,3,0
228507,Other,3,6,1
56573,India,16,6,1
78886,USA,1,6,1
287111,Russia,13,6,1
154980,USA,23,5,1
52444,USA,5,0,0
175002,Russia,8,2,0
81923,Russia,3,0,0
279886,Other,15,1,0
111376,Russia,4,5,1
192778,Russia,23,0,0
294334,India,5,3,0
110464,Other,8,2,0
21857,Other,16,4,0
47680,USA,17,1,0
171071,India,13,1,0
212409,India,23,3,0
154328,Russia,12,5,1
145501,India,13,0,0
16088,Other,20,5,1
280818,Russia,2,1,1
174910,Russia,15,5,1
168136,USA,20,2,0
111495,China,13,1,0
281707,India,8,2,0
87904,India,10,3,0
243658,Other,7,0,0
34217,Russia,23,6,1
65237,USA,20,0,0
37489,India,14,5,1
250161,India,13,5,1
667,India,15,0,0
107707,Other,0,1,1
91089,China,17,6,1
242565,Other,3,4,1
237205,China,5,3,1
167921,China,15,2,0
271712,USA,3,0,1
138662,Other,17,2,0
298660,India,14,2,0
66303,China,15,2,0
278041,USA,1,6,1
88343,Russia,22,0,0
27014,China,14,4,0
93251,India,19,3,0
13251,China,19,3,0
61794,Other,2,5,1
250407,USA,13,6,1
117305,Other,22,2,0
231806,USA,0,5,1
32419,Russia,14,0,0
177177,Other,20,6,1
135259,India,11,1,0
255426,India,16,0,0
125172,Other,22,3,0
61338,India,1,0,0
87515,India,4,1,0
65164,Russia,4,1,0
213994,China,15,5,1
126324,Other,3,0,1
275745,Russia,12,0,1
230868,China,14,2,1
169380,India,16,0,0
121149,Other,18,4,0
55583,Other,15,4,0
119285,Other,9,3,0
50370,Other,22,2,0
6394,Other,2,6,1
242074,China,21,2,1
13838,Russia,2,3,0
39857,Other,0,5,1
191724,India,8,2,0
141118,China,12,4,0
125825,USA,19,0,0
227380,India,12,5,1
108774,Other,16,3,0
132932,Russia,3,0,1
91310,India,21,3,0
35266,Other,13,6,1
73758,Russia,3,3,0
178085,Other,14,6,1
124875,Other,17,4,0
160157,China,19,6,1
34773,India,17,0,0
175593,Russia,11,3,0
138949,India,19,1,0
4825,Other,22,1,0
135814,USA,19,0,0
142979,China,1,2,1
290079,Other,19,5,1
282069,Other,3,4,1
59703,Russia,2,6,1
68189,Russia,21,2,0
110179,Russia,22,0,0
250859,USA,10,0,0
166174,USA,17,4,0
988,Russia,13,6,1
32284,USA,3,6,1
236650,India,0,0,1
185961,India,23,4,0
55002,Other,8,5,1
159087,China,1,3,1
179668,India,4,0,1
297939,China,0,1,1
210491,Other,5,5,1
22821,Russia,6,4,0
147669,Other,18,1,0
91321,China,2,2,0
211880,USA,1,1,1
171786,USA,4,2,1
228829,Russia,16,0,1
55388,Russia,13,1,0
259914,China,22,2,1
97664,China,10,4,0
32707,China,14,5,1
113506,India,15,6,1
86013,China,3,6,1
74260,India,7,2,0
107620,USA,1,5,1
38250,India,3,0,0
167511,India,23,0,0
184234,India,6,6,1
22567,USA,5,3,0
25945,USA,13,6,1
230580,USA,10,5,1
89221,Russia,5,5,1
20786,China,23,6,1
153561,Other,1,4,1
203301,Other,7,4,0
214028,USA,14,4,0
135049,India,12,2,0
175268,Other,14,1,0
94097,China,11,1,0
277455,USA,15,6,1
277338,Other,1,6,1
258080,Other,19,3,0
120112,Russia,18,0,0
33991,China,8,1,0
126252,USA,12,3,0
131739,China,13,6,1
36537,China,0,2,0
42239,China,0,0,0
90500,China,18,1,0
122471,USA,8,5,1
220257,Russia,5,0,1
45698,Russia,23,5,1
256609,China,23,0,1
284982,USA,17,2,0
120225,USA,20,1,0
30436,USA,4,5,1
183380,Russia,22,1,0
241854,USA,6,4,0
51973,Other,10,0,0
289365,India,2,1,1
138491,Other,4,2,1
158626,China,18,2,0
153543,India,13,5,1
189164,Other,5,4,0
173052,Russia,12,0,0
41054,Other,0,4,0
221308,Russia,1,4,1
85459,USA,21,4,0
125289,India,19,6,1
154568,China,7,5,1
81571,India,18,0,0
117448,Russia,19,0,0
251426,China,21,5,1
175327,Russia,6,1,0
242573,Russia,19,0,1
246812,India,1,4,1
27537,USA,19,3,0
280023,USA,20,4,0
107514,USA,13,4,0
117985,USA,3,0,1
117468,India,15,5,1
163423,Russia,18,6,1
177474,Other,22,1,0
193515,China,13,2,0
255252,China,15,1,1
43868,USA,0,1,0
69106,Other,13,3,0
127687,India,23,2,0
5235,India,10,6,1
66950,Other,7,6,1
170572,Other,13,3,0
41286,Other,6,2,0
255355,Other,22,0,0
274040,India,23,1,0
73196,Other,23,2,0
278010,Russia,7,2,1
109991,USA,17,2,0
222159,India,7,3,0
164683,Russia,4,4,1
118718,Other,16,4,0
280192,USA,5,6,1
268198,India,19,2,0
252188,India,6,1,0
3044,Russia,21,0,0
5074,Russia,1,0,0
277310,Russia,6,4,1
132913,China,16,6,1
270597,USA,10,6,1
173821,USA,18,5,1
27469,USA,12,1,0
188628,China,19,2,0
56833,Other,4,1,0
196432,Russia,10,0,0
23866,India,17,3,0
80630,USA,1,2,0
202846,Other,11,0,0
170004,Russia,14,1,0
270799,India,10,4,0
145797,Russia,4,3,1
102828,Russia,4,4,1
189465,China,6,2,0
146447,Russia,5,2,0
176989,USA,11,3,0
200072,China,16,1,1
233629,China,20,0,1
239186,Other,19,3,0
45102,China,22,2,0
237730,India,18,5,1
269819,Other,3,1,1
101481,Russia,19,2,0
74149,Russia,10,6,1
21662,USA,23,1,0
199312,USA,17,6,1
260505,China,10,1,1
98158,Other,15,4,0
147319,India,8,0,0
9275,USA,11,6,1
45195,Russia,13,4,0
124553,China,2,6,1
236853,Other,14,1,0
89039,USA,3,4,0
48023,Russia,6,1,0
43822,India,10,0,0
147943,Russia,10,4,0
21840,India,15,4,0
289882,Russia,17,2,1
174955,Russia,22,3,0
62099,China,3,4,0
181118,Other,13,4,0
43573,India,0,0,0
19878,USA,22,5,1
106735,China,15,1,0
237175,Other,3,2,1
178099,Russia,21,6,1
166153,USA,9,6,1
284976,India,1,3,1
268035,China,8,2,1
75175,Russia,20,5,1
134242,USA,10,5,1
38847,Russia,12,0,0
272800,Russia,0,3,1
43653,India,6,4,0
29188,India,16,5,1
63859,Russia,19,0,0
27488,USA,23,2,0
192839,Other,23,0,0
93511,India,18,5,1
77003,India,4,0,0
174949,Other,11,1,0
287303,Russia,15,5,1
84445,Other,6,4,0
80111,Russia,21,5,1
219526,Russia,0,2,1
105579,China,14,6,1
287248,Other,5,3,0
95453,Other,13,5,1
52467,China,20,5,1
117378,USA,13,1,0
233261,China,13,3,1
190246,Russia,10,6,1
77002,India,5,6,1
262347,Russia,22,4,1
293186,China,8,3,1
201082,China,17,3,1
41721,India,22,3,0
145844,Other,4,1,1
263242,India,1,4,1
29956,India,9,1,0
213490,Russia,9,2,1
200866,China,18,4,1
90299,China,20,3,0
95876,Other,10,3,0
268210,India,14,4,0
230089,Russia,9,3,1
157193,Russia,8,0,0
213001,India,0,3,1
253224,Russia,22,4,1
248910,India,19,0,0
47787,USA,7,3,0
16866,Russia,9,4,0
140484,India,13,4,0
59360,USA,7,1,0
105307,India,1,1,1
52058,Russia,3,1,0
198406,USA,20,1,0
62604,India,2,0,0
157381,China,7,2,0
213243,China,8,3,1
190738,USA,19,1,0
297944,India,15,4,0
172833,Other,2,2,1
148517,Other,21,6,1
92891,China,10,4,0
113519,India,18,4,0
185775,Russia,11,2,0
159767,USA,1,6,1
94974,India,13,5,1
204971,USA,23,0,0
45065,Other,11,3,0
209091,India,7,5,1
139205,Russia,22,5,1
222968,Russia,14,3,1
61370,India,20,4,0
239887,China,13,4,1
231365,China,12,5,1
139423,Russia,3,3,1
129767,Russia,7,2,0
236371,China,19,0,1
251316,USA,4,3,1
31409,India,12,4,0
200002,India,17,1,0
289534,China,13,3,1
201961,China,23,3,1
81240,China,1,2,0
64273,Russia,10,6,1
133028,Other,0,6,1
77005,China,15,2,0
107574,India,3,2,1
136025,China,6,6,1
282040,India,10,6,1
81869,Other,1,0,0
48821,Russia,2,3,0
254260,Other,19,5,1
224909,Other,3,6,1
222582,USA,19,4,0
114494,China,7,4,0
138366,Russia,3,2,1
299853,USA,16,6,1
61932,Other,17,6,1
70866,USA,3,4,0
260510,USA,11,6,1
236528,Russia,10,1,1
246471,China,14,1,1
211861,India,23,5,1
216854,Russia,20,2,1
229841,China,20,4,1
19824,Russia,20,3,0
149665,China,23,0,0
58672,Russia,13,6,1
236080,India,16,1,0
202738,USA,6,2,0
198705,Russia,14,3,0
173314,China,6,4,0
299421,Russia,23,1,1
235305,India,10,1,0
263044,USA,17,5,1
137851,Russia,8,2,0
255674,USA,11,3,0
64553,USA,10,2,0
204115,India,3,3,1
271111,Russia,23,5,1
159129,Russia,6,6,1
59908,China,2,4,0
44681,USA,2,0,0
171631,Russia,12,6,1
228056,Other,0,0,1
118965,India,21,4,0
53177,India,10,1,0
33604,Other,23,1,0
28718,USA,14,0,0
212096,China,3,6,1
104174,China,19,5,1
162147,India,9,1,0
108209,USA,0,4,1
70306,USA,12,0,0
81483,India,9,6,1
228605,China,14,6,1
198272,Other,10,2,0
66503,India,10,1,0
197875,Russia,4,2,1
146625,Other,1,5,1
50756,India,2,2,0
206493,USA,4,2,1
103324,India,11,2,0
69658,China,23,5,1
80337,China,10,4,0
287121,Other,23,5,1
37316,India,1,5,1
276604,India,20,2,0
235022,India,17,3,0
183741,India,21,0,0
261646,India,11,1,0
210924,India,23,6,1
221232,USA,21,4,0
164319,Russia,6,2,0
224997,USA,18,3,0
115000,USA,21,4,0
292223,USA,18,3,0
287984,USA,15,2,0
27302,USA,19,1,0
145336,USA,20,6,1
98370,USA,17,1,0
232117,USA,19,3,0
249097,China,9,4,1
57793,Russia,8,4,0
260338,India,14,5,1
274141,Russia,11,0,1
283559,China,23,1,1
208919,USA,7,5,1
33680,USA,14,6,1
36218,Other,20,1,0
238194,Russia,22,6,1
238745,India,6,1,0
37169,India,4,0,0
133293,USA,6,3,0
82465,USA,14,2,0
146421,India,18,6,1
9070,Russia,7,0,0
113716,Russia,12,3,0
70321,Other,22,2,0
266094,India,19,1,0
27288,Russia,5,5,1
219760,Russia,14,6,1
47491,India,17,3,0
129411,India,9,6,1
205811,USA,1,0,1
155340,Other,16,3,0
32999,India,1,3,0
246158,China,18,4,1
29935,Russia,4,1,0
171217,USA,18,1,0
190073,India,16,0,0
101481,India,16,5,1
253301,India,9,5,1
164638,USA,13,0,0
214094,India,4,6,1
264827,USA,10,5,1
181737,Russia,12,2,0
298953,USA,20,2,0
92030,USA,11,1,0
147441,China,19,2,0
275733,USA,12,4,0
287003,USA,1,2,1
125279,Russia,8,5,1
209383,USA,13,0,0
20899,USA,22,4,0
213033,USA,16,0,0
144819,USA,8,0,0
255242,India,20,6,1
226135,China,10,6,1
7337,Russia,19,1,0
158447,China,16,3,0
111472,Other,19,3,0
146630,Russia,12,2,0
285863,China,16,0,1
263612,China,5,3,1
15226,Russia,20,1,0
224431,Russia,23,1,1
14228,China,6,2,0
5182,USA,6,3,0
104097,Russia,16,1,0
134740,Russia,5,1,0
252715,India,6,2,0
262419,India,16,2,0
294398,China,11,0,1
167416,USA,6,0,0
251021,Other,20,5,1
154032,China,2,6,1
88889,China,17,0,0
7692,China,6,4,0
270194,USA,17,4,0
90965,USA,15,3,0
249610,Russia,14,5,1
297898,India,11,5,1
232924,India,23,0,0
253594,Russia,21,6,1
102206,Russia,21,2,0
293893,Russia,1,5,1
10476,China,2,2,0
194176,China,1,0,1
28851,China,5,6,1
179287,USA,6,5,1
288917,India,9,3,0
109775,Other,15,2,0
272827,USA,23,3,0
218286,China,19,1,1
91478,USA,4,1,0
211353,Russia,12,6,1
257458,Other,23,2,0
140378,Other,22,6,1
117488,China,2,3,1
259482,Other,10,1,0
139565,India,9,3,0
126728,Other,22,6,1
8398,USA,6,4,0
60494,China,14,4,0
211887,USA,17,2,0
248506,USA,19,2,0
207101,Russia,15,3,1
125511,Russia,13,2,0
242654,Other,4,2,1
108889,Russia,14,6,1
206297,USA,13,4,0
172779,Russia,9,3,0
164323,Russia,1,2,1
174411,India,13,6,1
293357,Other,0,1,1
211399,Other,11,2,0
192900,India,10,6,1
209534,USA,12,1,0
127251,India,11,2,0
206329,Russia,19,4,1
99165,India,4,5,1
93297,USA,6,2,0
216132,Other,11,1,0
237405,India,15,6,1
131567,Russia,9,3,0
13063,India,19,5,1
58939,USA,4,4,0
51873,China,13,6,1
232377,India,18,4,0
82400,China,19,3,0
112771,India,17,3,0
255622,Other,14,0,0
278609,USA,15,3,0
126698,Other,22,2,0
126276,USA,23,3,0
35961,USA,10,6,1
104717,USA,12,6,1
18865,Other,1,3,0
145790,Other,1,5,1
149473,China,10,2,0
368,USA,11,4,0
92654,India,17,2,0
173848,Other,3,5,1
53510,China,3,3,0
250202,USA,22,1,0
62229,Other,12,1,0
283848,China,20,3,1
220959,USA,19,5,1
292680,Russia,1,1,1
297827,USA,20,4,0
217130,Russia,4,3,1
11153,USA,0,6,1
121666,India,18,6,1
96066,Other,16,1,0
235704,India,23,5,1
91891,Other,19,1,0
87457,India,23,6,1
232673,Other,14,2,0
253551,China,6,3,1
42240,China,5,0,0
82812,USA,10,6,1
89142,India,10,4,0
181645,Russia,11,4,0
40050,China,9,0,0
129242,Russia,23,6,1
114744,Russia,1,4,1
186115,Russia,2,2,1
292682,USA,9,0,0
257372,China,5,5,1
75305,Russia,7,1,0
238714,USA,3,6,1
279012,China,23,6,1
107050,India,15,5,1
48899,India,9,2,0
11664,India,13,3,0
3000,Other,1,1,0
36983,India,3,3,0
37088,Other,10,0,0
39502,USA,22,2,0
285700,India,1,0,1
38565,India,13,3,0
260716,USA,12,6,1
244225,China,5,4,1
128903,Russia,17,2,0
191455,China,22,6,1
152768,Russia,10,6,1
233951,Russia,9,4,1
72543,Other,6,3,0
186574,Russia,14,2,0
125154,India,22,6,1
20377,Other,16,3,0
3524,Other,23,5,1
274412,Russia,2,5,1
201461,India,21,2,0
82801,USA,10,5,1
147474,India,16,0,0
196215,Russia,9,0,0
145333,China,7,1,0
226919,USA,7,5,1
33183,China,14,0,0
293085,China,11,5,1
235787,Other,1,6,1
29690,Russia,11,5,1
35605,USA,8,3,0
74980,Other,8,6,1
71696,India,22,5,1
83481,India,5,2,0
25108,India,19,1,0
140602,Other,21,2,0
22682,China,18,5,1
182046,Russia,5,5,1
8695,USA,2,4,0
158387,India,7,1,0
104039,India,3,2,1
194992,Other,10,4,0
71405,Other,16,6,1
48941,China,9,0,0
294248,India,7,5,1
57805,Russia,22,1,0
147575,China,14,1,0
197482,USA,7,5,1
264606,USA,4,2,1
86317,USA,23,0,0
210768,Other,9,3,0
121216,USA,21,2,0
59483,India,10,6,1
177206,Other,8,6,1
282588,China,3,6,1
72344,USA,15,3,0
60629,China,18,4,0
39683,USA,22,6,1
41006,China,22,6,1
271771,USA,23,2,0
86587,Other,17,3,0
8941,China,11,0,0
82297,India,22,1,0
292495,India,17,1,0
53570,India,10,5,1
10011,Russia,9,3,0
140120,China,13,3,0
111272,USA,2,0,1
233568,Other,12,2,0
226472,China,19,4,1
268638,Other,8,2,0
194760,India,23,0,0
81037,China,8,0,0
155226,Other,2,4,1
236354,USA,2,5,1
100319,Russia,22,0,0
23221,Other,4,4,0
62419,Russia,12,4,0
67699,China,23,5,1
102720,India,21,5,1
213570,USA,1,4,1
173572,China,14,5,1
245640,China,17,3,1
213811,India,1,0,1
268261,China,14,5,1
138618,USA,23,4,0
35972,USA,17,2,0
47602,India,21,3,0
71665,Russia,15,1,0
62749,Other,23,2,0
174097,China,3,1,1
278062,USA,16,3,0
226850,India,18,2,0
17160,USA,4,2,0
121076,China,4,6,1
9105,USA,22,1,0
281246,India,22,3,0
134354,Other,1,1,1
83549,Other,2,6,1
51908,Russia,4,4,0
173064,China,5,5,1
14876,Other,14,0,0
277842,Other,17,1,0
225441,India,3,4,1
276139,Russia,15,4,1
147773,India,20,5,1
132394,China,8,2,0
93011,China,1,6,1
132477,India,6,3,0
143711,China,8,0,0
118929,USA,15,1,0
13791,India,0,5,1
71117,Russia,9,1,0
67061,China,8,1,0
96610,USA,8,4,0
217231,USA,8,3,0
282659,Russia,3,2,1
224609,China,2,1,1
120723,Russia,2,1,1
43051,Russia,9,6,1
210194,India,23,1,0
293251,India,16,1,0
290519,India,2,5,1
288256,Russia,20,3,1
193536,India,19,0,0
78107,USA,17,4,0
250083,USA,17,2,0
111922,India,4,2,1
175906,India,11,0,0
200910,Russia,12,3,1
166738,China,21,3,0
123024,USA,9,5,1
198936,USA,3,3,1
36732,USA,2,2,0
105860,Other,16,5,1
85460,USA,8,5,1
120542,USA,5,4,0
289751,India,18,6,1
270505,China,2,0,1
151349,Russia,17,0,0
168578,India,1,5,1
118459,Russia,19,0,0
88327,China,18,4,0
111834,India,20,2,0
178431,China,9,3,0
77370,Other,9,0,0
200904,USA,22,6,1
16026,USA,2,2,0
169051,Other,18,4,0
243956,China,23,2,1
65744,USA,5,2,0
176650,India,15,5,1
239319,India,4,3,1
47699,Russia,14,5,1
18961,India,8,1,0
176126,Other,19,4,0
40969,India,9,6,1
102616,Other,3,0,1
138229,Russia,16,1,0
113317,China,7,0,0
33112,Russia,6,6,1
87734,India,3,1,0
280562,India,2,3,1
63358,USA,0,1,0
168656,USA,11,6,1
62560,Russia,6,5,1
197632,USA,8,1,0
177089,USA,8,6,1
80227,USA,12,1,0
240953,USA,5,4,0
50382,Other,22,0,0
212333,China,12,6,1
211667,USA,11,0,0
36249,India,23,0,0
66167,Other,14,0,0
30640,India,3,6,1
299498,USA,7,1,0
231543,India,19,5,1
169626,Other,10,4,0
240701,India,9,6,1
203783,Other,23,2,0
82796,China,21,2,0
34105,Russia,3,5,1
225555,India,22,5,1
184344,USA,2,2,1
39202,Other,10,1,0
271326,India,1,1,1
24053,Russia,14,6,1
281557,India,0,4,1
182229,India,9,5,1
179473,USA,22,4,0
41823,Other,17,1,0
15728,China,0,0,0
158613,Other,19,1,0
55388,Russia,2,3,0
244016,Other,20,5,1
218178,Other,12,5,1
204192,India,23,1,0
141149,Russia,7,0,0
239687,India,20,3,0
202994,China,11,6,1
199865,China,8,1,0
78210,Other,17,3,0
191733,Russia,18,2,0
102923,Russia,12,3,0
107152,USA,14,4,0
297245,Russia,10,5,1
191093,India,19,2,0
72861,India,1,0,0
153924,India,15,6,1
144512,Other,2,6,1
217959,China,13,0,1
51959,Other,3,1,0
193268,China,10,2,0
235890,Other,0,2,1
120414,India,15,4,0
290199,Russia,10,0,1
160412,India,19,6,1
200572,India,7,3,0
259438,China,0,1,1
227812,Other,7,3,0
173481,Russia,17,3,0
23825,China,11,4,0
237689,Russia,10,6,1
86133,USA,19,2,0
247947,India,7,4,0
8018,India,17,5,1
117385,China,20,0,0
171112,India,12,6,1
135449,Other,10,6,1
505,USA,19,4,0
40739,India,12,3,0
115868,Russia,17,2,0
207233,India,22,0,0
295666,USA,11,6,1
269866,Russia,8,3,1
172094,Russia,9,1,0
129032,Russia,3,2,1
109831,USA,4,4,1
241981,Other,0,2,1
73437,Russia,16,0,0
295214,China,10,2,1
267090,Other,12,2,0
3392,USA,6,3,0
259137,Other,11,4,0
123595,India,17,2,0
27410,USA,12,2,0
272019,China,2,1,1
225151,China,6,3,1
22691,Russia,19,5,1
70913,USA,11,6,1
105712,Other,23,1,0
260140,Russia,6,0,1
3321,Russia,8,3,0
65730,USA,12,3,0
106319,India,18,0,0
199282,Russia,19,6,1
149507,Other,19,2,0
10385,China,22,0,0
78674,India,12,6,1
241357,Other,2,0,1
208626,India,7,0,0
121160,USA,19,6,1
93688,China,19,4,0
209283,India,17,2,0
297282,USA,22,0,0
168501,India,18,5,1
11617,USA,23,3,0
274061,Russia,5,1,1
186582,USA,10,6,1
295028,USA,15,0,0
61117,China,4,5,1
158021,Other,3,2,1
195405,China,10,5,1
145819,USA,3,0,1
147597,USA,2,1,1
11471,Russia,10,3,0
276034,India,23,2,0
85463,India,22,5,1
229303,Other,11,0,0
205751,Other,15,0,0
110699,China,10,2,0
103577,China,3,5,1
12364,Russia,12,0,0
228189,Russia,23,0,1
236984,Russia,20,3,1
127514,Russia,17,2,0
27935,Russia,3,1,0
16058,Other,14,1,0
298274,India,4,1,1
282124,Other,21,0,0
284237,Other,21,1,0
216251,China,23,0,1
27793,China,21,6,1
107951,Russia,17,2,0
282849,Russia,5,1,1
234247,China,21,4,1
13512,USA,21,4,0
206396,Other,12,2,0
219952,Russia,7,6,1
74968,Russia,8,6,1
132829,India,4,4,1
199622,Other,12,3,0
191519,Other,3,2,1
174513,Russia,1,6,1
244625,USA,23,5,1
94000,USA,0,1,0
3716,Russia,20,2,0
211287,USA,8,4,0
193615,Russia,11,5,1
193509,USA,7,6,1
158456,USA,13,6,1
226212,Other,0,2,1
195490,China,16,2,0
3135,USA,2,4,0
157203,USA,11,5,1
206938,Russia,2,4,1
41392,USA,18,4,0
117079,China,9,3,0
192833,Russia,0,5,1
168533,Other,21,4,0
132704,China,17,5,1
123188,China,10,3,0
250435,Russia,20,4,1
268660,Other,17,6,1
135334,India,0,5,1
275742,USA,7,2,0
194040,Russia,14,2,0
57277,Russia,20,5,1
214377,USA,13,6,1
273977,India,0,4,1
260806,Other,19,6,1
63912,Other,2,2,0
263982,China,9,4,1
96007,India,8,2,0
167570,Russia,2,2,1
233425,India,4,1,1
277254,USA,14,0,0
88194,China,12,2,0
35409,USA,16,0,0
74122,USA,12,2,0
293177,USA,0,1,1
226254,Other,3,6,1
275174,USA,9,1,0
175243,USA,14,0,0
242107,Other,0,3,1
291648,Russia,12,5,1
162370,India,9,1,0
135185,India,21,2,0
202207,USA,6,4,0
279301,China,21,2,1
50859,Russia,5,3,0
169627,USA,7,0,0
95754,Russia,15,2,0
94485,Russia,3,4,0
166744,USA,8,0,0
48887,China,17,2,0
53286,China,20,6,1
175216,Russia,9,0,0
124473,China,22,1,0
268567,India,22,6,1
267650,India,21,6,1
278365,Other,14,1,0
14778,China,12,2,0
299097,India,4,0,1
58562,China,19,6,1
127698,India,10,0,0
23751,India,2,1,0
88968,Other,4,0,0
166316,Russia,3,6,1
22444,USA,1,2,0
245133,Russia,10,4,1
51864,Other,11,6,1
19429,China,22,0,0
199113,USA,7,2,0
222423,India,1,0,1
112582,China,1,6,1
245842,Other,23,2,0
34878,India,17,6,1
208205,Russia,16,0,1
127398,USA,3,5,1
200853,India,2,2,1
81907,Russia,5,1,0
48616,USA,1,5,1
73348,USA,9,6,1
204592,India,21,1,0
224262,China,10,5,1
244324,Russia,11,6,1
221184,USA,23,4,0
283776,Russia,15,0,1
171248,USA,11,5,1
98799,China,16,1,0
620,India,7,1,0
247812,India,17,5,1
190130,USA,14,4,0
73680,China,16,6,1
61415,Other,16,1,0
202986,USA,6,6,1
137388,China,1,0,1
134727,Other,19,3,0
48084,USA,5,6,1
230065,China,20,3,1
273385,China,13,4,1
222058,China,5,3,1
164566,India,17,3,0
57927,Russia,19,5,1
59345,USA,1,0,0
17532,India,14,0,0
60026,India,11,0,0
226617,Other,6,5,1
298655,Other,17,5,1
148464,Other,6,0,0
118519,Russia,20,1,0
120373,USA,22,1,0
112551,Russia,14,6,1
294775,Russia,18,3,1
48225,USA,0,2,0
268823,USA,14,3,0
58776,Other,11,5,1
232970,Other,23,5,1
185568,Russia,9,3,0
199914,Other,10,3,0
26164,USA,23,0,0
201594,India,4,5,1
205055,India,2,6,1
259237,Other,22,5,1
168076,Other,19,6,1
277793,Russia,22,3,1
68069,India,11,0,0
117693,India,17,6,1
229217,USA,3,0,1
167243,Russia,11,6,1
110732,Russia,9,0,0
38823,China,15,2,0
290791,China,20,3,1
195588,USA,8,3,0
57594,India,1,1,0
130337,Other,13,1,0
58450,India,10,4,0
288485,China,3,6,1
271093,China,0,5,1
60751,China,6,3,0
39372,Russia,10,0,0
267508,China,19,2,1
162648,Other,7,1,0
229823,USA,12,6,1
59059,Russia,17,4,0
293237,USA,9,4,0
215249,China,9,5,1
178993,USA,15,3,0
192806,India,7,2,0
111902,China,17,2,0
165560,China,1,5,1
71550,Other,4,3,0
28828,Other,20,3,0
31487,Russia,19,0,0
258520,China,15,5,1
83540,Other,8,0,0
30622,USA,16,0,0
237376,Other,5,0,0
66335,India,10,2,0
259247,Russia,23,0,1
240222,India,3,1,1
270151,India,16,0,0
190820,Other,16,4,0
100978,Other,9,3,0
47648,India,4,3,0
259775,USA,20,6,1
140270,USA,4,6,1
261962,Other,4,3,1
178029,China,17,6,1
125670,China,10,2,0
138259,Russia,14,0,0
248049,USA,2,1,1
78357,USA,4,0,0
275392,India,5,6,1
288022,China,8,5,1
190722,Russia,4,1,1
287288,Other,4,5,1
166412,USA,0,4,1
162386,China,7,2,0
49555,Other,18,0,0
232494,USA,14,4,0
168409,Russia,9,5,1
58171,China,22,6,1
223971,China,19,3,1
136152,USA,8,6,1
143984,Russia,2,4,1
177069,Russia,21,3,0
157754,Other,7,4,0
150914,China,10,1,0
184521,Russia,20,3,0
290994,Russia,18,6,1
263436,USA,18,3,0
7091,India,4,4,0
106557,Russia,0,1,1
1077,India,4,2,0
87643,India,15,2,0
257557,China,18,4,1
53557,Russia,18,3,0
29989,India,18,1,0
76898,Russia,21,2,0
264764,Russia,1,6,1
171135,China,1,6,1
112727,Other,21,2,0
14706,Russia,9,4,0
115815,USA,5,1,0
93675,USA,3,6,1
293195,China,22,5,1
109440,Russia,0,0,1
235331,China,16,0,1
39639,Russia,21,1,0
201490,Russia,20,1,1
252487,Russia,16,5,1
238701,India,14,1,0
13370,China,11,5,1
165993,India,19,6,1
170535,USA,7,4,0
212057,Russia,15,2,1
260478,India,20,5,1
204358,USA,5,0,0
70513,China,4,3,0
256246,Russia,13,1,1
106391,China,20,5,1
119376,Russia,11,4,0
210169,China,8,4,1
243695,China,18,4,1
222839,USA,21,1,0
216089,USA,16,4,0
166443,Other,3,2,1
276189,USA,15,6,1
137642,India,3,1,1
219724,Other,3,1,1
98546,China,12,2,0
233727,India,5,3,0
11438,China,6,4,0
291381,China,13,5,1
296626,India,7,3,0
210979,Other,19,0,0
172662,USA,9,0,0
54415,Other,11,2,0
252028,Russia,7,3,1
199719,Other,0,0,1
39467,India,17,3,0
17173,China,10,0,0
271039,India,19,1,0
288191,Other,21,3,0
236490,China,2,1,1
108867,India,5,4,0
270800,India,21,2,0
250578,USA,10,3,0
23922,Other,20,3,0
216498,China,0,0,1
153735,India,22,4,0
283498,USA,14,3,0
222546,USA,13,5,1
59812,India,8,5,1
239452,USA,3,5,1
264488,Russia,19,1,1
239753,Other,10,4,0
103983,China,4,3,1
295790,India,3,3,1
213757,China,6,2,1
222673,India,23,0,0
171524,India,4,1,1
282256,India,0,5,1
68253,Russia,13,2,0
266987,USA,13,2,0
39003,Other,19,1,0
31192,China,15,2,0
234428,Other,3,5,1
296083,USA,4,5,1
35139,Other,22,3,0
2383,USA,11,3,0
66143,Other,3,1,0
22288,USA,19,4,0
27303,Other,14,6,1
243613,Other,10,6,1
71724,Russia,14,3,0
105374,China,12,2,0
284303,Russia,22,4,1
176697,China,17,1,0
271671,India,2,4,1
110902,USA,9,6,1
3348,China,0,4,0
6803,Russia,21,0,0
214499,Russia,10,0,1
134092,USA,16,5,1
199711,Russia,7,2,0
126797,USA,2,2,1
259386,Russia,20,2,1
136070,China,1,5,1
196461,India,2,3,1
135332,USA,16,2,0
99897,China,6,2,0
283793,China,14,4,1
77823,Russia,23,5,1
5940,India,23,0,0
31020,Russia,4,4,0
78824,India,22,4,0
18175,Russia,6,4,0
133249,Other,5,5,1
65189,India,20,5,1
89946,India,4,6,1
286649,India,23,0,0
79674,Other,5,0,0
205811,Russia,5,6,1
98422,USA,12,0,0
25018,China,17,5,1
203304,Other,22,0,0
132942,USA,0,6,1
258915,USA,4,2,1
272217,Other,5,4,0
230940,India,4,3,1
171266,China,5,5,1
113913,USA,5,3,0
92590,Other,9,6,1
76668,USA,6,0,0
258119,USA,3,3,1
89445,China,14,3,0
64246,China,23,3,0
256352,USA,14,2,0
299281,China,22,5,1
260015,Russia,5,1,1
6069,India,10,2,0
272340,Russia,7,0,1
284109,USA,19,1,0
87722,USA,16,3,0
124049,China,8,0,0
133244,India,10,0,0
288980,USA,18,3,0
74818,China,18,0,0
87032,USA,8,2,0
287923,Russia,6,4,1
25959,Other,21,0,0
4630,India,5,4,0
260296,China,6,0,1
70733,USA,6,2,0
102301,China,0,2,1
159559,USA,20,6,1
103997,USA,2,5,1
254981,Other,1,1,1
34618,USA,4,0,0
98938,Other,16,1,0
27522,China,23,5,1
220525,USA,19,5,1
81677,Russia,5,6,1
235381,India,6,3,0
152113,India,6,4,0
12014,India,17,5,1
274001,Russia,5,0,1
141412,Other,19,2,0
286423,India,16,5,1
170013,India,0,2,1
35220,India,4,6,1
107216,China,21,3,0
169606,India,12,2,0
129134,USA,17,1,0
285441,USA,4,3,1
79910,Other,14,4,0
42186,India,0,0,0
186935,USA,18,5,1
48480,Other,14,2,0
96974,Other,14,6,1
281792,Other,16,2,0
100415,Russia,22,0,0
136633,India,1,4,1
22246,Other,8,0,0
51355,Russia,16,0,0
135603,USA,18,4,0
124726,China,15,5,1
162718,India,4,3,1
237695,China,6,4,1
121601,India,5,3,0
95976,China,22,5,1
230792,Russia,7,0,1
210995,USA,2,1,1
110831,Other,11,1,0
7663,USA,17,5,1
161483,Other,5,4,0
55121,USA,5,2,0
294918,Other,21,2,0
290623,India,13,3,0
212574,India,22,6,1
132201,Russia,16,3,0
296456,Other,4,0,1
266346,USA,20,6,1
52025,China,18,5,1
73166,Other,20,3,0
140607,Russia,13,0,0
278139,Russia,15,4,1
26482,China,11,0,0
223640,USA,9,3,0
275248,India,8,3,0
87660,India,8,5,1
198817,USA,9,0,0
246744,India,0,1,1
13934,Russia,13,4,0
184593,China,2,5,1
82657,China,1,1,0
105407,Other,5,5,1
9373,China,6,1,0
71738,USA,5,0,0
253238,Other,21,1,0
151543,Russia,14,6,1
214032,Russia,9,6,1
235217,India,14,4,0
205687,Russia,22,6,1
160708,China,22,6,1
186376,India,14,3,0
269071,India,1,3,1
177351,Russia,19,0,0
38397,India,0,0,0
212229,Other,2,6,1
124240,India,3,2,1
4888,China,3,1,0
57334,Other,2,0,0
236397,Russia,2,5,1
282250,Russia,17,1,1
279515,India,20,0,0
281778,Russia,2,0,1
75071,China,4,6,1
59770,USA,0,2,0
265078,China,23,5,1
82056,Other,20,3,0
87820,Russia,23,5,1
203279,Russia,16,2,1
134286,Russia,7,1,0
26372,China,8,1,0
80603,Other,21,0,0
8874,China,19,6,1
262089,India,22,1,0
87847,India,15,4,0
17717,USA,23,4,0
281344,Other,9,6,1
191947,China,23,5,1
233357,India,7,2,0
49804,China,12,2,0
112223,India,18,3,0
131683,USA,5,6,1
139199,China,1,2,1
78074,China,11,3,0
105593,India,9,1,0
291970,India,23,1,0
138916,Russia,14,0,0
182123,Other,5,1,0
287716,China,12,5,1
29326,China,4,4,0
241456,USA,22,3,0
258837,China,23,1,1
191095,Other,23,6,1
158207,India,15,4,0
215556,India,3,4,1
45628,Russia,22,3,0
46560,Other,8,1,0
39254,Other,14,4,0
207975,Other,5,4,0
175402,Russia,19,6,1
137082,Other,10,4,0
214554,China,20,0,1
165861,India,14,2,0
118648,USA,7,3,0
93040,Russia,13,5,1
29127,China,0,5,1
163733,China,17,5,1
151636,USA,11,1,0
142590,Russia,12,6,1
55890,Other,14,1,0
158881,China,16,3,0
47895,China,13,4,0
220550,Russia,18,5,1
290499,Russia,17,0,1
240047,USA,0,3,1
214682,Russia,3,2,1
160991,Russia,16,3,0
5820,Other,7,0,0
125121,USA,12,0,0
221731,USA,5,5,1
196540,China,17,5,1
140550,India,1,1,1
164793,China,18,1,0
62925,India,9,6,1
257022,Other,2,2,1
256338,Other,0,0,1
17870,Other,22,2,0
277168,China,23,3,1
7884,China,5,5,1
91852,Other,13,0,0
217807,USA,5,5,1
31920,India,18,0,0
163119,Other,6,1,0
30212,Other,0,6,1
35603,Russia,9,1,0
165616,China,1,5,1
121978,India,3,6,1
3834,China,1,6,1
127641,Other,10,5,1
194549,China,5,0,0
297169,Other,14,0,0
72095,Russia,2,0,0
287877,India,14,5,1
69254,India,15,3,0
3601,China,6,5,1
41480,USA,15,1,0
70981,India,9,1,0
276131,China,21,0,1
206719,Russia,18,5,1
150591,USA,0,2,1
81707,Other,4,5,1
71491,Russia,19,3,0
236525,Russia,15,1,1
53607,Other,4,4,0
142672,USA,21,4,0
46758,Russia,0,3,0
92045,India,23,5,1
26967,China,18,6,1
88692,India,0,2,0
175369,China,4,3,1
20540,India,20,0,0
94055,Other,13,5,1
171571,Russia,12,4,0
129410,USA,8,1,0
118086,Russia,19,5,1
4051,USA,12,5,1
213410,India,3,0,1
123890,Russia,15,2,0
272957,India,13,5,1
197543,China,14,4,0
224411,China,2,3,1
52870,Other,23,1,0
205821,China,5,3,1
80358,India,4,2,0
288055,Russia,9,2,1
34392,Russia,12,0,0
69129,Other,3,1,0
154860,China,5,5,1
255866,India,12,4,0
184920,Other,15,3,0
128711,USA,18,3,0
211338,Russia,20,3,1
57856,India,1,6,1
98387,USA,12,6,1
145413,USA,18,5,1
15334,India,6,2,0
24228,Russia,19,5,1
11901,Russia,14,0,0
255458,Russia,11,2,1
270612,Russia,23,2,1
8083,India,13,1,0
165467,Other,21,5,1
119304,Russia,11,2,0
243257,Other,0,0,1
182461,USA,19,4,0
210374,India,15,4,0
130894,Russia,17,6,1
218405,USA,20,2,0
82676,USA,10,3,0
86873,Russia,10,1,0
164259,India,16,4,0
93928,India,8,1,0
97405,India,0,6,1
149296,China,14,1,0
291812,USA,1,0,1
251404,India,17,5,1
168753,USA,18,6,1
274433,India,16,0,0
112046,Russia,1,2,1
22661,China,16,5,1
164566,Other,13,5,1
255026,Other,0,3,1
4240,Russia,22,3,0
97155,USA,18,6,1
188135,Other,4,2,1
46745,India,11,4,0
249370,Other,8,5,1
294147,Russia,13,1,1
203743,China,19,6,1
21024,China,1,3,0
203716,USA,5,6,1
91880,Russia,4,2,0
34158,China,18,5,1
79823,Other,9,5,1
56106,Russia,14,1,0
266502,Other,8,0,0
237043,Russia,10,2,1
295079,Russia,14,1,1
281989,USA,13,0,0
100135,China,8,5,1
263213,Other,22,6,1
212743,India,11,1,0
139636,India,12,5,1
141808,USA,17,4,0
133015,USA,20,1,0
279252,Russia,12,5,1
91220,USA,14,4,0
21399,Other,22,1,0
67483,Other,10,0,0
216804,India,15,2,0
174301,China,1,4,1
84712,Russia,5,6,1
228640,Other,14,0,0
175561,Other,2,1,1
20696,Other,1,0,0
292824,USA,21,1,0
167447,China,10,6,1
248461,India,12,0,0
143245,Russia,19,3,0
98454,India,2,0,0
21657,China,8,1,0
13744,Russia,3,6,1
131612,USA,3,5,1
195447,India,5,3,0
15028,USA,8,5,1
86045,Other,6,0,0
240041,China,19,2,1
212311,Russia,9,3,1
117706,China,7,1,0
18547,Russia,23,2,0
287418,India,20,5,1
20177,India,18,2,0
254631,China,8,4,1
294682,China,1,4,1
205033,Russia,10,6,1
39874,China,2,3,0
197488,China,3,6,1
180374,Russia,13,6,1
37472,USA,19,4,0
173840,Russia,6,4,0
206065,China,14,2,1
179229,Other,14,6,1
280632,Russia,3,0,1
295817,China,14,1,1
169565,China,16,3,0
75397,USA,20,6,1
108786,China,7,5,1
208469,Other,5,0,0
286027,Other,16,2,0
212270,China,7,4,1
126239,Other,4,4,1
167022,India,12,0,0
219617,China,16,2,1
57480,China,8,3,0
79487,Other,1,0,0
228010,Russia,10,6,1
82499,Other,21,6,1
201126,Russia,21,0,1
232999,China,6,1,1
119154,India,3,6,1
66938,India,13,4,0
239835,Other,17,4,0
194144,USA,17,2,0
50134,India,21,6,1
246315,USA,15,6,1
280649,India,11,0,0
123411,China,17,4,0
84311,India,4,1,0
135873,India,0,2,1
225737,Other,13,1,0
234226,USA,13,5,1
113184,Russia,2,4,1
74249,Russia,16,3,0
159182,India,21,2,0
252597,India,2,1,1
245731,China,8,5,1
168185,China,4,6,1
142604,USA,15,6,1
176812,USA,2,3,1
125934,China,3,1,1
69974,Russia,11,4,0
104545,India,12,5,1
294588,USA,21,6,1
71066,Russia,11,4,0
154425,Russia,5,3,0
163895,USA,0,1,1
266980,India,8,1,0
239177,Other,12,6,1
233505,Other,18,2,0
25608,India,9,0,0
97013,Other,1,3,0
83576,China,6,0,0
149214,Other,16,3,0
204361,Russia,22,0,1
165685,Other,2,1,1
168663,Russia,21,5,1
223802,India,20,0,0
210416,India,15,6,1
136066,Russia,2,5,1
246510,China,13,1,1
192252,India,8,0,0
287640,USA,2,1,1
56274,China,18,5,1
144685,USA,5,0,0
36084,USA,4,2,0
56853,Other,0,5,1
72570,Russia,5,1,0
96362,China,12,1,0
118858,India,4,0,1
29803,USA,15,0,0
229121,China,3,3,1
246913,Other,18,4,0
68036,Russia,2,5,1
233362,Other,21,5,1
239786,China,0,2,1
23309,USA,5,0,0
205427,China,17,2,1
89035,Russia,1,6,1
252709,China,11,2,1
255197,India,15,0,0
88864,Russia,13,4,0
52352,India,19,0,0
163631,Russia,9,5,1
62476,Russia,5,0,0
229059,Other,9,1,0
6462,USA,9,3,0
75491,China,7,1,0
272665,USA,13,1,0
173731,Other,21,5,1
246216,China,9,1,1
24018,India,8,4,0
282825,China,20,2,1
46882,Other,12,5,1
212209,Other,8,3,0
278230,USA,14,3,0
144474,China,12,1,0
144703,Russia,6,6,1
55610,China,21,5,1
86771,USA,13,0,0
222096,China,3,0,1
217850,Other,11,5,1
192991,India,23,0,0
175887,India,16,1,0
239886,USA,3,3,1
40715,Other,12,4,0
208509,Russia,23,6,1
152966,India,14,0,0
3537,Russia,1,2,0
104298,USA,12,3,0
206275,Russia,19,3,1
299783,India,22,5,1
49861,Other,20,4,0
30614,USA,18,1,0
281095,Other,13,1,0
178501,China,21,2,0
210121,Russia,21,6,1
139444,Russia,3,1,1
286090,Other,0,6,1
194709,India,19,2,0
194782,Russia,15,5,1
58511,China,11,1,0
155629,Other,4,0,1
108331,Other,15,5,1
179437,China,8,0,0
121958,USA,23,1,0
150473,India,0,5,1
256710,China,23,4,1
251634,USA,4,3,1
196665,USA,0,3,1
40318,China,3,6,1
83155,Russia,1,0,0
4359,China,6,3,0
237130,Other,8,4,0
278229,China,5,0,1
223995,USA,10,0,0
172796,Other,10,4,0
196534,Other,12,3,0
10096,Russia,13,6,1
220060,USA,14,1,0
223143,India,2,0,1
26225,Russia,4,2,0
154117,Other,4,1,1
207095,Russia,11,5,1
268777,India,7,2,0
110960,USA,23,2,0
81988,China,3,3,0
180606,USA,23,1,0
215605,Other,0,2,1
18414,Other,0,1,0
75059,USA,7,1,0
164588,India,1,5,1
148764,Russia,14,6,1
77750,Russia,19,6,1
163898,Other,12,5,1
242282,Russia,0,6,1
12151,Russia,15,2,0
30821,China,9,3,0
20973,Russia,19,0,0
35575,Russia,15,4,0
119415,India,23,1,0
233222,China,18,3,1
206349,USA,10,3,0
151438,China,23,5,1
155677,China,7,1,0
255120,China,5,5,1
117439,India,8,6,1
201763,USA,7,4,0
281846,India,12,5,1
210149,Russia,22,2,1
157591,Russia,14,0,0
27831,Other,19,0,0
27365,Russia,2,1,0
82130,India,6,5,1
169642,Other,6,6,1
112481,Other,20,5,1
273497,India,14,1,0
232892,Other,14,4,0
26334,USA,19,1,0
292737,USA,14,4,0
169004,India,18,5,1
152514,India,10,4,0
257692,India,12,3,0
195070,India,16,2,0
77436,Russia,17,2,0
154706,Russia,9,6,1
157437,Russia,18,5,1
167617,India,14,0,0
110743,USA,22,3,0
222193,Other,20,1,0
13610,India,12,5,1
98543,USA,5,3,0
287109,China,1,0,1
18004,USA,1,3,0
128308,Other,14,6,1
77996,USA,5,5,1
266598,India,14,5,1
86651,Russia,16,0,0
273786,China,14,4,1
56935,Russia,14,5,1
10923,Russia,0,5,1
187713,India,14,3,0
113978,USA,12,6,1
45536,China,17,3,0
15367,India,19,6,1
284903,Russia,17,3,1
109616,China,22,5,1
297653,Russia,13,3,1
289486,USA,23,3,0
247141,Other,6,4,0
92086,China,7,2,0
273789,Russia,7,3,1
140976,India,7,5,1
270867,Other,9,0,0
171982,Other,14,6,1
174327,USA,4,5,1
109862,Russia,12,2,0
124370,China,12,1,0
47432,China,23,5,1
259316,USA,15,3,0
32432,India,5,6,1
61965,Russia,17,4,0
143148,USA,10,3,0
36204,Other,12,1,0
108264,USA,20,3,0
112291,China,15,4,0
106256,Other,16,5,1
297265,India,14,4,0
297442,Other,15,2,0
191994,China,16,1,0
68511,India,16,3,0
17076,China,20,1,0
131929,Other,10,5,1
260086,India,7,4,0
294693,Russia,1,1,1
125839,Russia,23,2,0
172247,USA,11,3,0
152627,Other,16,0,0
102222,India,15,6,1
287818,India,9,2,0
146459,India,0,4,1
164912,India,10,0,0
32038,Russia,20,6,1
202688,USA,17,0,0
148559,China,18,3,0
108832,India,19,2,0
15270,Russia,15,5,1
252350,China,7,0,1
13188,Russia,10,4,0
62950,Russia,6,4,0
70424,China,1,2,0
167502,China,7,1,0
105482,Other,15,0,0
186607,Other,19,6,1
127945,India,21,6,1
123892,China,1,1,1
11240,Russia,11,5,1
143227,Russia,0,2,1
149365,Other,16,3,0
16458,India,19,5,1
145399,USA,0,6,1
266633,India,10,4,0
115737,Other,6,5,1
294985,Russia,19,3,1
119432,India,17,5,1
251104,Russia,16,4,1
222031,Russia,2,3,1
226990,Other,22,3,0
73735,Other,21,5,1
291450,Other,23,6,1
98013,India,1,4,0
67484,Other,20,3,0
206390,China,23,5,1
175040,India,7,6,1
236796,Russia,6,2,1
20831,USA,17,6,1
263913,India,5,4,0
231381,Russia,9,4,1
102615,Other,19,1,0
247573,Other,23,4,0
121800,India,11,0,0
120673,USA,0,1,1
65900,China,16,0,0
98102,USA,22,6,1
262020,India,21,5,1
95799,USA,8,5,1
189700,Russia,18,0,0
28264,USA,3,4,0
291665,India,19,6,1
199836,USA,0,4,1
89883,Other,10,6,1
140100,Russia,22,1,0
201508,China,6,6,1
88901,USA,20,5,1
177900,Russia,20,6,1
164238,India,18,0,0
897,USA,14,1,0
204861,Other,19,5,1
217602,China,20,0,1
31772,Other,23,6,1
245920,Russia,21,0,1
238691,India,4,4,1
229424,India,3,1,1
52378,India,8,4,0
136101,USA,4,6,1
155387,China,14,1,0
9038,Russia,12,1,0
120088,India,12,2,0
231313,Russia,17,0,1
87436,Other,7,6,1
140955,India,6,0,0
35798,Other,1,3,0
220083,India,21,5,1
195485,Russia,9,2,0
20026,USA,16,2,0
159533,Other,4,1,1
58470,China,16,6,1
224410,Russia,17,3,1
249415,USA,18,2,0
34273,India,19,5,1
176170,USA,22,5,1
216152,Other,17,6,1
140940,India,23,6,1
10311,India,4,2,0
65107,China,22,1,0
188798,India,17,2,0
167586,USA,1,0,1
64349,Other,15,5,1
113645,Other,19,3,0
62112,Russia,21,0,0
61228,India,0,2,0
124290,China,2,3,1
16347,Russia,2,5,1
252188,Other,3,0,1
79744,Other,6,3,0
85637,Russia,11,5,1
116129,India,4,4,1
75984,USA,19,1,0
157593,Other,23,1,0
226944,Other,12,0,0
109491,USA,4,2,1
31194,USA,14,6,1
36793,China,17,5,1
138774,India,23,3,0
160082,USA,18,0,0
250422,USA,21,6,1
37162,India,15,2,0
183470,China,0,1,1
46505,Russia,12,0,0
275416,India,20,5,1
113998,China,4,0,1
84035,Other,23,5,1
260724,USA,22,5,1
84052,India,13,0,0
285473,Russia,17,3,1
120266,Russia,16,6,1
102818,China,16,4,0
214200,USA,19,0,0
136530,Other,12,0,0
262993,Russia,13,2,1
112291,Russia,9,5,1
127496,China,19,4,0
170238,China,13,6,1
144114,USA,23,0,0
249068,USA,13,4,0
232114,China,2,1,1
242335,China,13,3,1
180162,Other,17,0,0
31512,China,13,2,0
34173,USA,3,5,1
147064,India,23,3,0
203256,India,0,4,1
2150,China,1,5,1
230891,Russia,23,1,1
10589,China,22,1,0
247589,India,18,0,0
15051,Russia,21,4,0
292781,India,4,0,1
182302,USA,10,1,0
226213,USA,2,2,1
18449,China,17,6,1
291258,China,2,4,1
257629,Russia,8,1,1
232211,Other,7,5,1
53701,USA,21,2,0
5606,USA,3,2,0
32378,Russia,15,2,0
137822,Other,2,0,1
28472,India,12,2,0
27146,USA,7,1,0
120575,USA,6,2,0
79756,China,8,5,1
220423,USA,13,5,1
174623,Russia,12,2,0
140901,Other,7,1,0
27579,Russia,19,3,0
266490,India,10,2,0
79872,Russia,16,4,0
288711,Russia,22,4,1
7795,Russia,16,3,0
230349,USA,6,3,0
249379,Other,19,0,0
219346,India,12,0,0
152975,India,17,2,0
20995,Other,15,5,1
174860,Russia,19,2,0
251673,China,1,3,1
117738,Other,10,6,1
128598,Other,20,3,0
51817,Russia,14,3,0
26638,India,14,6,1
137177,India,7,6,1
4698,China,1,0,0
18292,China,7,4,0
136205,USA,3,0,1
262349,India,11,2,0
119578,Other,16,6,1
23782,China,9,3,0
246363,Other,9,1,0
161365,India,6,1,0
19591,India,22,5,1
236631,China,14,5,1
122936,India,16,5,1
180714,Russia,20,0,0
219479,USA,6,1,0
96113,Other,17,6,1
57566,China,19,0,0
239413,Russia,12,1,1
36710,India,21,3,0
79746,India,9,0,0
230987,Russia,16,2,1
167799,USA,6,0,0
204808,USA,20,0,0
201630,India,9,2,0
222473,Russia,8,0,1
131407,USA,13,6,1
167816,China,8,2,0
92066,India,22,4,0
165017,Russia,19,3,0
294966,USA,21,3,0
155543,Russia,4,3,1
152080,China,0,3,1
28068,China,14,4,0
7502,China,7,6,1
158074,USA,22,1,0
163557,USA,2,1,1
1481,India,3,2,0
4828,India,13,1,0
79666,India,11,4,0
207872,China,6,6,1
295433,Other,8,6,1
15680,Russia,20,2,0
217759,India,21,0,0
292734,USA,21,4,0
87268,Russia,19,6,1
161845,Russia,19,4,0
269768,Other,15,1,0
236086,USA,3,0,1
293552,China,2,5,1
161392,China,19,6,1
279515,India,2,1,1
192509,China,22,5,1
119281,Russia,3,1,1
217120,Other,16,1,0
111762,Russia,10,1,0
75324,China,16,0,0
247729,Russia,18,0,1
32825,India,8,0,0
276163,Other,0,4,1
97595,Other,11,4,0
149075,Russia,22,4,0
5461,Russia,5,6,1
70797,Other,8,0,0
264279,India,3,4,1
147240,Other,16,0,0
3273,Other,16,2,0
143564,USA,16,3,0
132772,China,19,2,0
131912,USA,3,2,1
21401,Russia,4,5,1
273781,India,9,6,1
6865,Russia,1,0,0
238011,China,23,2,1
133743,India,11,6,1
62475,USA,7,4,0
248658,Other,4,3,1
251028,India,15,6,1
298969,Russia,10,6,1
229500,USA,20,2,0
57518,India,1,0,0
168451,Other,23,2,0
274534,USA,11,3,0
200097,China,16,3,1
56980,USA,6,2,0
162044,USA,14,0,0
63333,China,12,0,0
28251,China,23,3,0
283015,Russia,22,3,1
64583,Other,12,5,1
55023,USA,10,0,0
62811,India,3,0,0
78410,China,7,1,0
231460,USA,0,2,1
259572,China,16,6,1
297908,China,22,4,1
160797,China,21,4,0
48887,Russia,15,4,0
242582,USA,19,0,0
13347,USA,20,1,0
155978,Russia,12,0,0
241669,China,18,1,1
178796,USA,19,4,0
77660,Other,9,1,0
115047,India,1,5,1
120075,India,18,3,0
115402,USA,13,5,1
252212,India,18,5,1
231939,India,12,3,0
47920,USA,17,1,0
176145,China,6,3,0
280427,China,8,2,1
228550,Other,10,0,0
299919,Other,13,3,0
36305,China,10,3,0
159976,Other,6,1,0
199792,Russia,21,2,0
282188,Russia,19,4,1
230004,India,9,2,0
104511,Russia,11,4,0
7600,USA,20,0,0
256844,Other,22,5,1
96230,Other,21,6,1
208861,China,21,3,1
86050,China,19,3,0
187820,USA,20,5,1
150040,Russia,11,4,0
34597,China,10,3,0
166252,USA,15,0,0
250909,Other,2,5,1
244053,USA,12,6,1
136140,India,13,5,1
1300,India,21,6,1
227692,China,13,6,1
156310,USA,8,0,0
43730,Russia,12,3,0
226513,Russia,17,3,1
198337,Russia,2,2,1
108635,China,23,1,0
198378,Russia,13,1,0
173395,China,5,4,0
133392,USA,10,4,0
211105,China,19,2,1
56079,USA,6,2,0
97186,China,22,3,0
259355,China,12,1,1
94745,China,10,4,0
104849,China,0,6,1
37345,India,7,3,0
234738,Other,4,1,1
1236,USA,23,0,0
299843,China,23,3,1
166461,Other,16,6,1
230915,USA,2,0,1
50838,Other,17,5,1
233578,Other,23,1,0
237688,China,18,0,1
228662,India,2,6,1
144951,Russia,19,0,0
243232,Russia,10,6,1
173467,Russia,13,5,1
268857,Other,16,0,0
120621,Other,1,4,1
62388,China,12,2,0
120362,China,6,4,0
287432,China,7,2,1
15105,India,8,3,0
235276,Russia,1,0,1
231628,India,20,5,1
197771,USA,15,4,0
267192,Other,6,4,0
291294,USA,3,0,1
88536,India,4,5,1
281864,Other,10,4,0
47495,China,5,6,1
289948,China,2,1,1
114081,USA,3,1,1
676,Russia,6,6,1
199449,USA,10,5,1
7244,Russia,15,2,0
9461,India,1,2,0
237824,Other,8,2,0
159421,India,21,3,0
221482,China,4,3,1
206543,Other,15,3,0
195764,China,12,3,0
80330,India,18,3,0
170316,USA,10,6,1
110981,Other,3,4,1
61521,China,17,4,0
229180,USA,11,4,0
95249,India,17,4,0
297658,China,2,6,1
72513,India,17,2,0
62857,India,12,0,0
206210,Other,6,1,0
30652,Russia,18,5,1
210945,India,21,5,1
299563,Other,11,1,0
87638,Russia,0,6,1
103883,Other,21,2,0
21594,China,8,5,1
25101,China,15,1,0
60141,India,22,6,1
107144,China,22,2,0
144673,India,4,6,1
272916,India,17,4,0
229329,China,23,6,1
154115,India,8,1,0
246667,Russia,17,3,1
13109,China,19,1,0
171874,Other,21,4,0
140264,Russia,23,4,0
189234,Russia,3,5,1
146550,Other,15,4,0
85765,Russia,0,1,0
73322,USA,2,0,0
76292,Russia,6,0,0
54468,Russia,23,3,0
106574,Other,10,2,0
279830,India,23,5,1
61461,India,5,4,0
9079,China,20,5,1
189597,China,14,3,0
237778,Russia,10,4,1
227113,India,22,3,0
101239,Other,1,6,1
50544,USA,23,0,0
171978,Russia,2,4,1
137595,Russia,2,1,1
274957,China,4,3,1
54786,Other,16,2,0
264116,India,12,3,0
29970,Other,5,4,0
57547,USA,0,0,0
30266,China,15,4,0
248618,Other,12,3,0
298330,Other,18,6,1
263559,Other,13,5,1
284499,USA,21,6,1
123973,India,1,2,1
150446,Russia,19,5,1
148862,Other,8,0,0
226420,China,2,5,1
82411,India,9,0,0
33601,USA,20,3,0
122560,Other,7,2,0
133201,China,14,6,1
156078,China,8,6,1
116058,USA,9,4,0
58013,India,2,5,1
25295,India,3,6,1
179750,Other,23,5,1
57593,USA,0,3,0
227589,Other,19,3,0
213647,China,13,2,1
224424,China,19,6,1
255848,India,15,0,0
133285,USA,23,0,0
17581,India,3,1,0
171687,USA,11,3,0
281579,India,19,2,0
54365,Russia,23,3,0
113719,India,7,5,1
13123,India,1,1,0
164515,Other,12,5,1
64735,India,22,5,1
99884,USA,2,0,0
273960,Russia,19,5,1
178976,USA,14,1,0
103087,India,16,1,0
236348,USA,11,6,1
123137,China,22,6,1
207876,India,13,3,0
19413,Russia,21,5,1
186988,Russia,1,4,1
152842,USA,13,6,1
195589,Other,2,6,1
179025,China,17,4,0
120325,USA,0,1,1
58790,Russia,1,6,1
81506,USA,23,6,1
132262,China,17,3,0
174340,China,9,4,0
269578,India,19,0,0
255953,China,14,4,1
281113,China,21,2,1
88421,Russia,22,6,1
29777,China,5,4,0
263979,USA,16,2,0
240774,USA,22,5,1
74077,India,18,4,0
115472,China,21,2,0
168544,USA,17,5,1
95088,Other,20,3,0
34329,China,23,2,0
44621,USA,15,0,0
112124,Other,3,5,1
146293,India,17,6,1
78625,Russia,7,0,0
69090,Russia,16,5,1
137056,Other,16,4,0
16904,Russia,22,2,0
138698,India,14,3,0
114022,China,20,4,0
79164,USA,21,6,1
78726,Other,11,6,1
100288,Russia,7,3,0
123548,China,18,1,0
26213,USA,1,4,0
146987,Russia,21,1,0
18669,Other,6,5,1
248540,Russia,9,6,1
131037,Russia,21,5,1
39532,India,1,3,0
225138,USA,15,1,0
28165,Russia,1,1,0
205838,India,18,3,0
258285,India,6,5,1
95203,China,3,3,0
129255,USA,8,6,1
107986,China,9,1,0
193012,China,2,5,1
217176,USA,10,2,0
149952,USA,13,2,0
53408,China,6,5,1
168232,Other,3,0,1
103012,Russia,7,1,0
233267,India,0,3,1
170236,Other,23,1,0
135660,Other,9,3,0
275356,India,5,5,1
139864,Other,22,5,1
118818,Other,2,1,1
188006,China,10,4,0
63088,Other,2,4,0
240172,China,9,4,1
150083,Other,3,0,1
287561,China,1,6,1
131032,USA,22,0,0
410,Russia,23,1,0
143718,USA,4,1,1
12121,Other,6,1,0
115268,USA,18,5,1
233537,Other,18,6,1
187471,China,10,3,0
98436,India,14,1,0
155701,Russia,21,2,0
2415,Other,15,0,0
97256,Other,3,2,0
39175,China,13,0,0
230707,China,21,3,1
179149,Other,14,0,0
276127,Russia,16,2,1
196588,India,13,1,0
212064,Other,11,3,0
262993,USA,11,4,0
30009,USA,23,4,0
245362,Russia,23,5,1
241710,Russia,6,6,1
224719,Russia,1,1,1
246306,USA,19,5,1
171977,USA,15,6,1
218691,USA,8,2,0
141241,India,18,4,0
84658,Russia,6,3,0
115016,China,17,4,0
117435,Russia,3,1,1
214236,Russia,10,6,1
255409,China,11,6,1
268122,USA,22,2,0
173327,Other,6,6,1
24544,Russia,14,1,0
113555,Other,23,1,0
114582,China,19,3,0
145362,Other,17,6,1
155749,India,7,3,0
182802,China,0,0,1
180817,India,8,3,0
73873,USA,2,1,0
115177,India,6,4,0
188501,Russia,18,6,1
183887,China,3,2,1
224209,Russia,15,3,1
243922,India,21,1,0
166447,Russia,8,3,0
45478,India,0,5,1
232986,USA,11,6,1
95707,India,2,0,0
67486,Other,23,6,1
126186,Russia,14,2,0
3479,Other,15,2,0
188197,USA,4,4,1
246697,India,23,5,1
227867,India,17,5,1
121343,Other,4,2,1
119466,Other,11,2,0
116988,China,1,2,1
275433,Russia,19,0,1
90313,India,17,3,0
80192,China,4,0,0
112840,China,7,6,1
157831,Other,23,3,0
258451,China,8,5,1
176401,USA,2,4,1
223149,USA,4,2,1
221294,Russia,22,2,1
219815,Other,21,1,0
234899,China,23,6,1
138343,Russia,3,2,1
10229,Russia,15,3,0
288636,Other,12,4,0
37762,India,7,1,0
43207,Russia,20,2,0
296204,India,18,1,0
267896,Russia,2,3,1
223016,Other,0,3,1
6333,USA,0,2,0
284482,USA,2,0,1
218111,USA,0,6,1
31438,Other,15,1,0
109390,China,22,2,0
197658,China,20,2,0
216409,USA,14,6,1
124085,China,8,0,0
73490,China,3,3,0
60612,Other,19,3,0
117132,India,9,4,0
245490,India,19,3,0
179523,Russia,23,2,0
177450,USA,10,5,1
224556,Russia,1,6,1
18311,India,10,6,1
44322,Russia,17,5,1
64858,India,2,2,0
147461,Russia,12,4,0
112947,China,21,0,0
16445,USA,21,6,1
105794,USA,11,6,1
168615,Other,2,6,1
267079,Russia,18,2,1
180980,China,8,4,0
152792,Other,12,3,0
111388,Russia,11,5,1
284634,Russia,5,1,1
147891,China,5,6,1
226190,China,17,4,1
230345,Other,23,0,0
130994,Other,14,1,0
150167,India,7,5,1
15761,USA,6,6,1
226146,USA,2,3,1
86075,India,8,1,0
293485,India,12,1,0
244378,Russia,17,0,1
270728,USA,2,1,1
235059,China,18,6,1
34862,Other,19,3,0
71550,China,4,5,1
204809,Russia,16,5,1
218956,Russia,9,4,1
104488,Other,5,5,1
195269,USA,3,6,1
56355,Russia,19,0,0
164819,Russia,6,3,0
88657,Other,20,4,0
258998,Russia,22,1,1
225141,India,1,0,1
298002,Other,13,0,0
293153,USA,8,2,0
94183,USA,23,0,0
204419,Russia,14,4,1
234845,India,21,6,1
251247,Russia,7,2,1
158674,China,20,4,0
207116,China,13,2,1
113549,Other,20,2,0
201586,USA,1,4,1
276332,China,17,2,1
47977,Russia,0,1,0
149513,Russia,4,1,1
176596,India,12,4,0
185907,Other,8,3,0
283457,China,16,0,1
79390,India,21,5,1
7121,USA,18,4,0
219145,India,4,0,1
3884,China,13,1,0
38699,USA,22,3,0
191448,USA,3,1,1
43967,Other,9,2,0
264972,Russia,8,2,1
57273,China,11,5,1
60123,Russia,0,0,0
260189,USA,4,4,1
128507,China,18,4,0
115874,China,5,1,0
127391,USA,7,6,1
285376,USA,20,4,0
24432,USA,7,1,0
95826,India,18,0,0
172756,China,21,4,0
227801,Other,16,1,0
163495,Other,6,6,1
92537,Russia,11,1,0
52778,India,18,2,0
50974,Russia,17,0,0
131075,Other,3,3,1
52531,China,21,5,1
134481,USA,19,2,0
4423,USA,10,1,0
110579,China,9,0,0
298287,USA,1,5,1
80467,Russia,6,3,0
72647,China,10,0,0
157287,Russia,8,3,0
84433,Other,21,1,0
275183,Other,21,6,1
284636,China,9,3,1
265244,USA,11,1,0
269058,Other,2,4,1
43460,Other,14,3,0
279802,China,12,5,1
273178,Russia,16,3,1
148108,Other,16,4,0
17780,Russia,15,4,0
261106,USA,2,2,1
193163,USA,10,2,0
214125,USA,20,4,0
84485,USA,15,3,0
148009,China,10,3,0
288466,USA,16,1,0
31618,Other,7,1,0
285662,China,15,5,1
112327,Russia,20,3,0
290940,Russia,21,0,1
294722,Russia,19,5,1
42107,Other,3,0,0
247831,China,6,6,1
131856,India,23,1,0
278067,Russia,22,1,1
218521,China,21,5,1
116673,Other,21,2,0
92474,India,23,1,0
42562,Russia,22,2,0
160151,India,18,3,0
272019,Russia,6,1,1
8726,China,13,5,1
54500,Other,14,5,1
100931,Russia,22,4,0
141237,Other,16,1,0
58557,USA,11,3,0
198391,USA,5,2,0
138187,India,22,1,0
253486,Other,19,5,1
143707,Russia,8,0,0
83628,USA,12,1,0
254244,India,9,3,0
181749,USA,18,2,0
186725,China,18,2,0
172367,Russia,13,1,0
26689,Other,1,2,0
32477,India,2,2,0
144010,USA,12,1,0
71741,Other,18,6,1
173167,Russia,19,1,0
57555,Other,15,2,0
147726,Other,18,4,0
248848,India,6,6,1
93540,Other,12,4,0
128324,Russia,19,6,1
56293,USA,12,0,0
181888,Russia,16,6,1
11046,USA,13,0,0
46296,India,3,3,0
192375,China,16,0,0
213777,USA,9,6,1
126580,Other,18,3,0
290162,India,8,3,0
19679,China,5,6,1
134761,Russia,4,4,1
181187,China,10,1,0
251427,Russia,13,5,1
227210,China,18,2,1
49088,India,17,0,0
76602,China,11,0,0
237330,USA,4,2,1
64420,China,22,4,0
246921,Other,11,3,0
100897,India,11,4,0
49527,USA,23,5,1
97186,Russia,8,4,0
83252,Russia,9,3,0
103920,China,15,4,0
74519,Russia,0,6,1
131315,India,8,2,0
36336,Other,4,1,0
197058,Other,6,4,0
256442,USA,15,6,1
39641,USA,7,1,0
168205,India,6,2,0
173443,India,21,4,0
24317,USA,23,0,0
261762,USA,22,0,0
212562,India,0,2,1
153820,USA,15,1,0
168815,Other,20,2,0
58887,USA,1,4,0
277750,USA,21,4,0
71591,Russia,7,0,0
109708,USA,11,3,0
171650,Other,8,5,1
84898,China,16,1,0
107769,India,3,0,1
94589,India,11,5,1
22257,USA,14,0,0
19953,India,10,6,1
192389,China,16,3,0
55898,USA,16,1,0
171625,China,5,0,0
222284,USA,3,2,1
25113,India,21,0,0
196768,India,19,4,0
210242,China,3,0,1
6580,India,20,0,0
120675,China,20,2,0
60741,China,17,3,0
32569,Russia,21,6,1
123807,Russia,19,2,0
29046,China,13,6,1
98841,Russia,21,5,1
58397,China,7,6,1
293204,Other,22,6,1
134074,India,23,5,1
185091,India,13,3,0
225675,Other,3,3,1
16348,USA,14,4,0
159800,India,17,2,0
102410,Russia,16,2,0
165926,Russia,10,4,0
187989,Russia,7,4,0
42562,Other,22,5,1
272779,Russia,17,0,1
128098,Other,23,2,0
258630,India,13,6,1
116960,USA,15,0,0
286522,China,17,6,1
267711,Russia,0,4,1
150861,India,15,3,0
267533,India,9,6,1
100154,Russia,8,1,0
102326,China,15,4,0
297074,USA,15,6,1
53295,India,23,2,0
91014,Russia,23,5,1
133551,Other,10,6,1
125202,China,16,0,0
263603,China,8,3,1
232602,Russia,4,2,1
272864,Other,11,3,0
22039,India,13,5,1
289754,Other,10,0,0
263238,India,19,6,1
243748,India,16,0,0
163808,India,13,6,1
290724,China,19,4,1
239578,China,21,0,1
202334,Other,10,0,0
16390,Russia,14,1,0
167035,Other,11,4,0
81594,Other,10,6,1
290753,China,17,5,1
20435,USA,3,3,0
140289,India,11,1,0
108692,Other,7,5,1
133191,China,7,5,1
243129,India,17,1,0
164050,China,11,1,0
89215,USA,2,1,0
129317,Other,15,1,0
270549,India,23,2,0
127475,India,4,0,1
186196,Other,11,0,0
37354,Russia,7,1,0
91658,Russia,15,2,0
269218,India,14,4,0
122173,China,16,5,1
99473,Russia,3,3,0
18042,Russia,12,2,0
93251,USA,17,1,0
100931,USA,3,1,1
118181,USA,5,1,0
237441,Russia,10,4,1
44684,India,16,2,0
275305,Other,14,6,1
55332,India,13,0,0
120183,Other,20,2,0
84451,India,8,5,1
162614,USA,12,6,1
113892,China,21,3,0
157838,China,23,4,0
62349,China,15,0,0
241581,China,7,2,1
286257,Other,0,4,1
35926,China,16,0,0
152936,China,3,4,1
104677,China,11,0,0
222674,India,8,3,0
57936,Other,14,2,0
160929,Russia,9,5,1
109870,India,23,5,1
195669,USA,22,1,0
177263,China,7,2,0
197034,Other,17,4,0
251752,India,12,2,0
114558,Other,19,2,0
120131,Russia,6,5,1
50385,Russia,15,4,0
260185,India,19,5,1
245577,China,3,1,1
162182,USA,10,1,0
91911,USA,22,5,1
173342,USA,15,6,1
21699,India,9,0,0
289385,Other,23,6,1
170573,Russia,10,2,0
50354,China,7,5,1
152283,USA,1,6,1
187330,Other,9,1,0
150137,Russia,22,6,1
259810,China,23,0,1
216800,USA,20,3,0
185271,China,2,3,1
124456,China,10,0,0
257593,India,14,0,0
62025,USA,7,0,0
58474,USA,2,5,1
214978,Other,22,5,1
281732,USA,19,6,1
229791,China,8,6,1
146651,China,14,0,0
104380,Other,14,3,0
27688,Other,22,4,0
22288,Other,13,0,0
96367,USA,19,0,0
226893,China,22,5,1
203511,Russia,23,0,1
285511,China,16,2,1
274111,India,10,1,0
149168,Russia,10,5,1
11278,India,0,0,0
132484,Other,19,6,1
224001,Other,16,3,0
103891,Other,22,0,0
93461,Russia,9,6,1
164281,USA,5,1,0
17999,Russia,9,3,0
108738,China,18,1,0
81005,Russia,22,1,0
160227,India,10,5,1
196684,India,1,2,1
128636,China,11,3,0
154434,Russia,5,1,0
48937,USA,5,5,1
71327,Other,22,2,0
148007,India,16,0,0
261778,Other,9,4,0
283865,China,0,2,1
167685,Russia,0,3,1
7155,Other,0,3,0
140776,Other,0,5,1
113764,China,17,4,0
98987,USA,1,2,0
76805,USA,9,0,0
205882,Other,8,5,1
34771,Russia,4,2,0
256875,USA,3,6,1
54438,India,1,6,1
156476,China,18,1,0
78186,USA,8,0,0
213740,Russia,7,5,1
134876,India,0,3,1
120620,Other,17,5,1
277009,USA,4,0,1
223704,USA,0,3,1
96433,USA,4,5,1
296689,India,13,3,0
201112,Other,18,5,1
81328,USA,9,4,0
11035,China,22,1,0
113283,India,18,3,0
258670,India,9,6,1
129026,China,16,1,0
142112,Russia,2,0,1
220891,India,9,2,0
170316,China,0,2,1
96809,Russia,13,5,1
136531,USA,9,6,1
267723,USA,15,2,0
130369,USA,9,4,0
61750,China,19,1,0
143494,China,18,2,0
63582,Other,20,2,0
257348,China,20,0,1
185355,Russia,20,2,0
243981,USA,18,3,0
52443,China,13,6,1
44897,China,15,5,1
232438,USA,13,6,1
229833,USA,18,4,0
285152,USA,6,0,0
297197,China,12,6,1
187579,USA,5,1,0
6529,Russia,11,0,0
76967,China,10,0,0
55915,China,14,0,0
237155,India,14,1,0
163214,China,22,3,0
105430,USA,22,5,1
41688,Russia,19,3,0
6227,India,11,0,0
199423,India,12,1,0
50870,China,13,5,1
37452,USA,16,2,0
97836,Other,11,5,1
94829,Other,0,3,0
188627,China,18,4,0
269947,Russia,18,0,1
232954,India,7,0,0
215399,Other,4,1,1
298779,India,5,1,0
30727,Other,12,6,1
260357,Russia,5,2,1
183786,USA,20,2,0
36796,USA,22,6,1
16790,India,8,5,1
121508,Other,17,1,0
191668,USA,15,6,1
208127,USA,17,4,0
259098,China,9,3,1
37384,Other,5,0,0
